Propriétaire;Groupe;Modèle;Matériel;Compteur total;Année;Mois;Heure du mois;Unité
BARRICK;Large dozers;D8R;EC308;24210;2010;1;0;HUR
BARRICK;Large dozers;D8R;EC308;24210;2010;2;0;HUR
BARRICK;Large dozers;D8R;EC308;24210;2010;3;0;HUR
BARRICK;Large dozers;D8R;EC308;24210;2010;4;0;HUR
BARRICK;Large dozers;D8R;EC308;24210;2010;5;0;HUR
BARRICK;Large dozers;D8R;EC308;24210;2010;6;0;HUR
BARRICK;Large dozers;D8R;EC308;24210;2010;7;0;HUR
BARRICK;Large dozers;D8R;EC308;24210;2010;8;0;HUR
BARRICK;Large dozers;D8R;EC308;24210;2010;9;0;HUR
BARRICK;Large dozers;D8R;EC308;24210;2010;10;0;HUR
BARRICK;Large dozers;D8R;EC308;24210;2010;11;0;HUR
BARRICK;Large dozers;D8R;EC308;24210;2010;12;0;HUR
BARRICK;Large dozers;D8R;EC308;24210;2011;1;0;HUR
BARRICK;Large dozers;D8R;EC308;24210;2011;2;0;HUR
BARRICK;Large dozers;D8R;EC308;24210;2011;3;0;HUR
BARRICK;Large dozers;D8R;EC308;24210;2011;4;0;HUR
BARRICK;Large dozers;D8R;EC308;24210;2011;5;0;HUR
BARRICK;Large dozers;D8R;EC308;24210;2011;6;0;HUR
BARRICK;Large dozers;D8R;EC308;24210;2011;7;0;HUR
BARRICK;Large dozers;D8R;EC308;24210;2011;8;0;HUR
BARRICK;Large dozers;D8R;EC308;24210;2011;9;0;HUR
BARRICK;Large dozers;D8R;EC308;24210;2011;10;0;HUR
BARRICK;Large dozers;D8R;EC308;24210;2011;11;0;HUR
BARRICK;Large dozers;D8R;EC308;24210;2011;12;0;HUR
BARRICK;Large dozers;D8R;EC308;24210;2012;1;0;HUR
BARRICK;Large dozers;D8R;EC308;24210;2012;2;0;HUR
BARRICK;Large dozers;D8R;EC308;24210;2012;3;0;HUR
BARRICK;Large dozers;D8R;EC308;24210;2012;4;0;HUR
BARRICK;Large dozers;D8R;EC308;24210;2012;5;0;HUR
BARRICK;Large dozers;D8R;EC308;24210;2012;6;0;HUR
BARRICK;Large dozers;D8R;EC308;24210;2012;7;0;HUR
BARRICK;Large dozers;D8R;EC308;24210;2012;8;0;HUR
BARRICK;Large dozers;D8R;EC308;24210;2012;9;0;HUR
BARRICK;Large dozers;D8R;EC308;24210;2012;10;0;HUR
BARRICK;Large dozers;D8R;EC308;24210;2012;11;0;HUR
BARRICK;Large dozers;D8R;EC308;24210;2012;12;0;HUR
BARRICK;Large dozers;D8R;EC308;24210;2013;1;0;HUR
BARRICK;Large dozers;D8R;EC308;24210;2013;2;0;HUR
BARRICK;Large dozers;D8R;EC308;24210;2013;3;0;HUR
BARRICK;Large dozers;D8R;EC308;24210;2013;4;0;HUR
BARRICK;Large dozers;D8R;EC308;24210;2013;5;0;HUR
BARRICK;Large dozers;D8R;EC308;24210;2013;6;0;HUR
BARRICK;Large dozers;D8R;EC308;24210;2013;7;0;HUR
BARRICK;Large dozers;D8R;EC308;24210;2013;8;0;HUR
BARRICK;Large dozers;D8R;EC308;24210;2013;9;0;HUR
BARRICK;Large dozers;D8R;EC308;24210;2013;10;0;HUR
BARRICK;Large dozers;D8R;EC308;24210;2013;11;0;HUR
BARRICK;Large dozers;D8R;EC308;24210;2013;12;0;HUR
BARRICK;Large dozers;D8R;EC308;24210;2014;1;0;HUR
BARRICK;Large dozers;D8R;EC308;24210;2014;2;0;HUR
BARRICK;Large dozers;D8R;EC308;24210;2014;3;0;HUR
BARRICK;Large dozers;D8R;EC308;24210;2014;4;0;HUR
BARRICK;Large dozers;D8R;EC308;24210;2014;5;0;HUR
BARRICK;Large dozers;D8R;EC308;24210;2014;6;0;HUR
BARRICK;Large dozers;D8R;EC308;24210;2014;7;0;HUR
BARRICK;Large dozers;D8R;EC308;24210;2014;8;0;HUR
BARRICK;Large dozers;D8R;EC308;24210;2014;9;0;HUR
BARRICK;Large dozers;D8R;EC308;24210;2014;10;0;HUR
BARRICK;Large dozers;D8R;EC308;24210;2014;11;0;HUR
BARRICK;Large dozers;D8R;EC308;24210;2014;12;0;HUR
BARRICK;Large dozers;D8R;EC308;24210;2015;1;0;HUR
BARRICK;Large dozers;D8R;EC308;24210;2015;2;0;HUR
BARRICK;Large dozers;D8R;EC308;24210;2015;3;0;HUR
BARRICK;Large dozers;D8R;EC308;24210;2015;4;0;HUR
BARRICK;Large dozers;D8R;EC308;24210;2015;5;0;HUR
BARRICK;Large dozers;D8R;EC308;24210;2015;6;0;HUR
BARRICK;Large dozers;D8R;EC308;24210;2015;7;0;HUR
BARRICK;Large dozers;D8R;EC308;24210;2015;8;159;HUR
BARRICK;Large dozers;D8R;EC308;24210;2015;9;246;HUR
BARRICK;Large dozers;D8R;EC308;24210;2015;10;336;HUR
BARRICK;Large dozers;D8R;EC308;24210;2015;11;45;HUR
BARRICK;Large dozers;D8R;EC308;24210;2015;12;0;HUR
BARRICK;Large dozers;D8R;EC308;24210;2016;1;0;HUR
BARRICK;Large dozers;D8R;EC308;24210;2016;2;0;HUR
BARRICK;Large dozers;D8R;EC308;24210;2016;3;0;HUR
BARRICK;Large dozers;D8R;EC308;24210;2016;4;0;HUR
BARRICK;Large dozers;D8R;EC308;24210;2016;5;0;HUR
BARRICK;Large dozers;D8R;EC308;24210;2016;6;0;HUR
BARRICK;Large dozers;D8R;EC308;24210;2016;7;0;HUR
BARRICK;Large dozers;D8R;EC308;24210;2016;8;4;HUR
BARRICK;Large dozers;D8R;EC308;24210;2016;9;0;HUR
BARRICK;Large dozers;D8R;EC308;24210;2016;10;0;HUR
BARRICK;Large dozers;D8R;EC308;24210;2016;11;0;HUR
BARRICK;Large dozers;D8R;EC308;24210;2016;12;11;HUR
BARRICK;Large dozers;D8R;EC308;24210;2017;1;0;HUR
BARRICK;Large dozers;D8R;EC308;24210;2017;2;0;HUR
BARRICK;Large dozers;D8R;EC308;24210;2017;3;0;HUR
BARRICK;Large dozers;D8R;EC308;24210;2017;4;0;HUR
BARRICK;Large dozers;D8R;EC308;24210;2017;5;0;HUR
BARRICK;Large dozers;D8R;EC308;24210;2017;6;0;HUR
BARRICK;Large dozers;D8R;EC308;24210;2017;7;0;HUR
BARRICK;Large dozers;D8R;EC308;24210;2017;8;0;HUR
BARRICK;Large dozers;D8R;EC308;24210;2017;9;0;HUR
BARRICK;Large dozers;D8R;EC308;24210;2017;10;0;HUR
BARRICK;Large dozers;D8R;EC308;24210;2017;11;0;HUR
BARRICK;Large dozers;D8R;EC308;24210;2017;12;0;HUR
RAL1;Large dozers;D9;ED500;36027;2010;1;0;HUR
RAL1;Large dozers;D9;ED500;36027;2010;2;0;HUR
RAL1;Large dozers;D9;ED500;36027;2010;3;37;HUR
RAL1;Large dozers;D9;ED500;36027;2010;4;241;HUR
RAL1;Large dozers;D9;ED500;36027;2010;5;325;HUR
RAL1;Large dozers;D9;ED500;36027;2010;6;264;HUR
RAL1;Large dozers;D9;ED500;36027;2010;7;349;HUR
RAL1;Large dozers;D9;ED500;36027;2010;8;423;HUR
RAL1;Large dozers;D9;ED500;36027;2010;9;0;HUR
RAL1;Large dozers;D9;ED500;36027;2010;10;144;HUR
RAL1;Large dozers;D9;ED500;36027;2010;11;456;HUR
RAL1;Large dozers;D9;ED500;36027;2010;12;483;HUR
RAL1;Large dozers;D9;ED500;36027;2011;1;312;HUR
RAL1;Large dozers;D9;ED500;36027;2011;2;563;HUR
RAL1;Large dozers;D9;ED500;36027;2011;3;153;HUR
RAL1;Large dozers;D9;ED500;36027;2011;4;0;HUR
RAL1;Large dozers;D9;ED500;36027;2011;5;0;HUR
RAL1;Large dozers;D9;ED500;36027;2011;6;0;HUR
RAL1;Large dozers;D9;ED500;36027;2011;7;298;HUR
RAL1;Large dozers;D9;ED500;36027;2011;8;466;HUR
RAL1;Large dozers;D9;ED500;36027;2011;9;399;HUR
RAL1;Large dozers;D9;ED500;36027;2011;10;527;HUR
RAL1;Large dozers;D9;ED500;36027;2011;11;481;HUR
RAL1;Large dozers;D9;ED500;36027;2011;12;466;HUR
RAL1;Large dozers;D9;ED500;36027;2012;1;431;HUR
RAL1;Large dozers;D9;ED500;36027;2012;2;230;HUR
RAL1;Large dozers;D9;ED500;36027;2012;3;172;HUR
RAL1;Large dozers;D9;ED500;36027;2012;4;501;HUR
RAL1;Large dozers;D9;ED500;36027;2012;5;532;HUR
RAL1;Large dozers;D9;ED500;36027;2012;6;344;HUR
RAL1;Large dozers;D9;ED500;36027;2012;7;438;HUR
RAL1;Large dozers;D9;ED500;36027;2012;8;346;HUR
RAL1;Large dozers;D9;ED500;36027;2012;9;503;HUR
RAL1;Large dozers;D9;ED500;36027;2012;10;510;HUR
RAL1;Large dozers;D9;ED500;36027;2012;11;470;HUR
RAL1;Large dozers;D9;ED500;36027;2012;12;424;HUR
RAL1;Large dozers;D9;ED500;36027;2013;1;595;HUR
RAL1;Large dozers;D9;ED500;36027;2013;2;526;HUR
RAL1;Large dozers;D9;ED500;36027;2013;3;607;HUR
RAL1;Large dozers;D9;ED500;36027;2013;4;330;HUR
RAL1;Large dozers;D9;ED500;36027;2013;5;584;HUR
RAL1;Large dozers;D9;ED500;36027;2013;6;481;HUR
RAL1;Large dozers;D9;ED500;36027;2013;7;491;HUR
RAL1;Large dozers;D9;ED500;36027;2013;8;426;HUR
RAL1;Large dozers;D9;ED500;36027;2013;9;171;HUR
RAL1;Large dozers;D9;ED500;36027;2013;10;0;HUR
RAL1;Large dozers;D9;ED500;36027;2013;11;0;HUR
RAL1;Large dozers;D9;ED500;36027;2013;12;0;HUR
RAL1;Large dozers;D9;ED500;36027;2014;1;0;HUR
RAL1;Large dozers;D9;ED500;36027;2014;2;229;HUR
RAL1;Large dozers;D9;ED500;36027;2014;3;515;HUR
RAL1;Large dozers;D9;ED500;36027;2014;4;452;HUR
RAL1;Large dozers;D9;ED500;36027;2014;5;496;HUR
RAL1;Large dozers;D9;ED500;36027;2014;6;536;HUR
RAL1;Large dozers;D9;ED500;36027;2014;7;457;HUR
RAL1;Large dozers;D9;ED500;36027;2014;8;444;HUR
RAL1;Large dozers;D9;ED500;36027;2014;9;360;HUR
RAL1;Large dozers;D9;ED500;36027;2014;10;467;HUR
RAL1;Large dozers;D9;ED500;36027;2014;11;504;HUR
RAL1;Large dozers;D9;ED500;36027;2014;12;497;HUR
RAL1;Large dozers;D9;ED500;36027;2015;1;385;HUR
RAL1;Large dozers;D9;ED500;36027;2015;2;412;HUR
RAL1;Large dozers;D9;ED500;36027;2015;3;560;HUR
RAL1;Large dozers;D9;ED500;36027;2015;4;549;HUR
RAL1;Large dozers;D9;ED500;36027;2015;5;524;HUR
RAL1;Large dozers;D9;ED500;36027;2015;6;521;HUR
RAL1;Large dozers;D9;ED500;36027;2015;7;493;HUR
RAL1;Large dozers;D9;ED500;36027;2015;8;515;HUR
RAL1;Large dozers;D9;ED500;36027;2015;9;488;HUR
RAL1;Large dozers;D9;ED500;36027;2015;10;438;HUR
RAL1;Large dozers;D9;ED500;36027;2015;11;432;HUR
RAL1;Large dozers;D9;ED500;36027;2015;12;0;HUR
RAL1;Large dozers;D9;ED500;36027;2016;1;0;HUR
RAL1;Large dozers;D9;ED500;36027;2016;2;0;HUR
RAL1;Large dozers;D9;ED500;36027;2016;3;47;HUR
RAL1;Large dozers;D9;ED500;36027;2016;4;511;HUR
RAL1;Large dozers;D9;ED500;36027;2016;5;509;HUR
RAL1;Large dozers;D9;ED500;36027;2016;6;420;HUR
RAL1;Large dozers;D9;ED500;36027;2016;7;438;HUR
RAL1;Large dozers;D9;ED500;36027;2016;8;301;HUR
RAL1;Large dozers;D9;ED500;36027;2016;9;95;HUR
RAL1;Large dozers;D9;ED500;36027;2016;10;407;HUR
RAL1;Large dozers;D9;ED500;36027;2016;11;339;HUR
RAL1;Large dozers;D9;ED500;36027;2016;12;357;HUR
RAL1;Large dozers;D9;ED500;36027;2017;1;230;HUR
RAL1;Large dozers;D9;ED500;36027;2017;2;251;HUR
RAL1;Large dozers;D9;ED500;36027;2017;3;434;HUR
RAL1;Large dozers;D9;ED500;36027;2017;4;312;HUR
RAL1;Large dozers;D9;ED500;36027;2017;5;425;HUR
RAL1;Large dozers;D9;ED500;36027;2017;6;384;HUR
RAL1;Large dozers;D9;ED500;36027;2017;7;266;HUR
RAL1;Large dozers;D9;ED500;36027;2017;8;337;HUR
RAL1;Large dozers;D9;ED500;36027;2017;9;361;HUR
RAL1;Large dozers;D9;ED500;36027;2017;10;0;HUR
RAL1;Large dozers;D9;ED500;36027;2017;11;342;HUR
RAL1;Large dozers;D9;ED500;36027;2017;12;391;HUR
RAL1;Large dozers;D9;ED501;36585;2010;1;0;HUR
RAL1;Large dozers;D9;ED501;36585;2010;2;0;HUR
RAL1;Large dozers;D9;ED501;36585;2010;3;4;HUR
RAL1;Large dozers;D9;ED501;36585;2010;4;195;HUR
RAL1;Large dozers;D9;ED501;36585;2010;5;318;HUR
RAL1;Large dozers;D9;ED501;36585;2010;6;277;HUR
RAL1;Large dozers;D9;ED501;36585;2010;7;245;HUR
RAL1;Large dozers;D9;ED501;36585;2010;8;127;HUR
RAL1;Large dozers;D9;ED501;36585;2010;9;314;HUR
RAL1;Large dozers;D9;ED501;36585;2010;10;483;HUR
RAL1;Large dozers;D9;ED501;36585;2010;11;397;HUR
RAL1;Large dozers;D9;ED501;36585;2010;12;442;HUR
RAL1;Large dozers;D9;ED501;36585;2011;1;162;HUR
RAL1;Large dozers;D9;ED501;36585;2011;2;152;HUR
RAL1;Large dozers;D9;ED501;36585;2011;3;625;HUR
RAL1;Large dozers;D9;ED501;36585;2011;4;481;HUR
RAL1;Large dozers;D9;ED501;36585;2011;5;0;HUR
RAL1;Large dozers;D9;ED501;36585;2011;6;357;HUR
RAL1;Large dozers;D9;ED501;36585;2011;7;579;HUR
RAL1;Large dozers;D9;ED501;36585;2011;8;428;HUR
RAL1;Large dozers;D9;ED501;36585;2011;9;312;HUR
RAL1;Large dozers;D9;ED501;36585;2011;10;442;HUR
RAL1;Large dozers;D9;ED501;36585;2011;11;561;HUR
RAL1;Large dozers;D9;ED501;36585;2011;12;607;HUR
RAL1;Large dozers;D9;ED501;36585;2012;1;245;HUR
RAL1;Large dozers;D9;ED501;36585;2012;2;186;HUR
RAL1;Large dozers;D9;ED501;36585;2012;3;304;HUR
RAL1;Large dozers;D9;ED501;36585;2012;4;483;HUR
RAL1;Large dozers;D9;ED501;36585;2012;5;439;HUR
RAL1;Large dozers;D9;ED501;36585;2012;6;301;HUR
RAL1;Large dozers;D9;ED501;36585;2012;7;364;HUR
RAL1;Large dozers;D9;ED501;36585;2012;8;439;HUR
RAL1;Large dozers;D9;ED501;36585;2012;9;490;HUR
RAL1;Large dozers;D9;ED501;36585;2012;10;496;HUR
RAL1;Large dozers;D9;ED501;36585;2012;11;510;HUR
RAL1;Large dozers;D9;ED501;36585;2012;12;501;HUR
RAL1;Large dozers;D9;ED501;36585;2013;1;450;HUR
RAL1;Large dozers;D9;ED501;36585;2013;2;527;HUR
RAL1;Large dozers;D9;ED501;36585;2013;3;348;HUR
RAL1;Large dozers;D9;ED501;36585;2013;4;206;HUR
RAL1;Large dozers;D9;ED501;36585;2013;5;399;HUR
RAL1;Large dozers;D9;ED501;36585;2013;6;361;HUR
RAL1;Large dozers;D9;ED501;36585;2013;7;16;HUR
RAL1;Large dozers;D9;ED501;36585;2013;8;325;HUR
RAL1;Large dozers;D9;ED501;36585;2013;9;488;HUR
RAL1;Large dozers;D9;ED501;36585;2013;10;533;HUR
RAL1;Large dozers;D9;ED501;36585;2013;11;457;HUR
RAL1;Large dozers;D9;ED501;36585;2013;12;425;HUR
RAL1;Large dozers;D9;ED501;36585;2014;1;315;HUR
RAL1;Large dozers;D9;ED501;36585;2014;2;421;HUR
RAL1;Large dozers;D9;ED501;36585;2014;3;529;HUR
RAL1;Large dozers;D9;ED501;36585;2014;4;519;HUR
RAL1;Large dozers;D9;ED501;36585;2014;5;331;HUR
RAL1;Large dozers;D9;ED501;36585;2014;6;270;HUR
RAL1;Large dozers;D9;ED501;36585;2014;7;348;HUR
RAL1;Large dozers;D9;ED501;36585;2014;8;131;HUR
RAL1;Large dozers;D9;ED501;36585;2014;9;388;HUR
RAL1;Large dozers;D9;ED501;36585;2014;10;483;HUR
RAL1;Large dozers;D9;ED501;36585;2014;11;144;HUR
RAL1;Large dozers;D9;ED501;36585;2014;12;479;HUR
RAL1;Large dozers;D9;ED501;36585;2015;1;469;HUR
RAL1;Large dozers;D9;ED501;36585;2015;2;289;HUR
RAL1;Large dozers;D9;ED501;36585;2015;3;299;HUR
RAL1;Large dozers;D9;ED501;36585;2015;4;236;HUR
RAL1;Large dozers;D9;ED501;36585;2015;5;0;HUR
RAL1;Large dozers;D9;ED501;36585;2015;6;0;HUR
RAL1;Large dozers;D9;ED501;36585;2015;7;0;HUR
RAL1;Large dozers;D9;ED501;36585;2015;8;0;HUR
RAL1;Large dozers;D9;ED501;36585;2015;9;0;HUR
RAL1;Large dozers;D9;ED501;36585;2015;10;0;HUR
RAL1;Large dozers;D9;ED501;36585;2015;11;66;HUR
RAL1;Large dozers;D9;ED501;36585;2015;12;518;HUR
RAL1;Large dozers;D9;ED501;36585;2016;1;550;HUR
RAL1;Large dozers;D9;ED501;36585;2016;2;503;HUR
RAL1;Large dozers;D9;ED501;36585;2016;3;484;HUR
RAL1;Large dozers;D9;ED501;36585;2016;4;441;HUR
RAL1;Large dozers;D9;ED501;36585;2016;5;543;HUR
RAL1;Large dozers;D9;ED501;36585;2016;6;410;HUR
RAL1;Large dozers;D9;ED501;36585;2016;7;374;HUR
RAL1;Large dozers;D9;ED501;36585;2016;8;400;HUR
RAL1;Large dozers;D9;ED501;36585;2016;9;382;HUR
RAL1;Large dozers;D9;ED501;36585;2016;10;249;HUR
RAL1;Large dozers;D9;ED501;36585;2016;11;413;HUR
RAL1;Large dozers;D9;ED501;36585;2016;12;309;HUR
RAL1;Large dozers;D9;ED501;36585;2017;1;404;HUR
RAL1;Large dozers;D9;ED501;36585;2017;2;371;HUR
RAL1;Large dozers;D9;ED501;36585;2017;3;376;HUR
RAL1;Large dozers;D9;ED501;36585;2017;4;344;HUR
RAL1;Large dozers;D9;ED501;36585;2017;5;264;HUR
RAL1;Large dozers;D9;ED501;36585;2017;6;321;HUR
RAL1;Large dozers;D9;ED501;36585;2017;7;353;HUR
RAL1;Large dozers;D9;ED501;36585;2017;8;322;HUR
RAL1;Large dozers;D9;ED501;36585;2017;9;458;HUR
RAL1;Large dozers;D9;ED501;36585;2017;10;396;HUR
RAL1;Large dozers;D9;ED501;36585;2017;11;393;HUR
RAL1;Large dozers;D9;ED501;36585;2017;12;437;HUR
RAL1;Large dozers;D9;ED502;36003;2010;1;0;HUR
RAL1;Large dozers;D9;ED502;36003;2010;2;0;HUR
RAL1;Large dozers;D9;ED502;36003;2010;3;0;HUR
RAL1;Large dozers;D9;ED502;36003;2010;4;0;HUR
RAL1;Large dozers;D9;ED502;36003;2010;5;259;HUR
RAL1;Large dozers;D9;ED502;36003;2010;6;300;HUR
RAL1;Large dozers;D9;ED502;36003;2010;7;371;HUR
RAL1;Large dozers;D9;ED502;36003;2010;8;425;HUR
RAL1;Large dozers;D9;ED502;36003;2010;9;375;HUR
RAL1;Large dozers;D9;ED502;36003;2010;10;287;HUR
RAL1;Large dozers;D9;ED502;36003;2010;11;502;HUR
RAL1;Large dozers;D9;ED502;36003;2010;12;496;HUR
RAL1;Large dozers;D9;ED502;36003;2011;1;321;HUR
RAL1;Large dozers;D9;ED502;36003;2011;2;575;HUR
RAL1;Large dozers;D9;ED502;36003;2011;3;586;HUR
RAL1;Large dozers;D9;ED502;36003;2011;4;552;HUR
RAL1;Large dozers;D9;ED502;36003;2011;5;601;HUR
RAL1;Large dozers;D9;ED502;36003;2011;6;578;HUR
RAL1;Large dozers;D9;ED502;36003;2011;7;462;HUR
RAL1;Large dozers;D9;ED502;36003;2011;8;285;HUR
RAL1;Large dozers;D9;ED502;36003;2011;9;261;HUR
RAL1;Large dozers;D9;ED502;36003;2011;10;356;HUR
RAL1;Large dozers;D9;ED502;36003;2011;11;111;HUR
RAL1;Large dozers;D9;ED502;36003;2011;12;503;HUR
RAL1;Large dozers;D9;ED502;36003;2012;1;505;HUR
RAL1;Large dozers;D9;ED502;36003;2012;2;317;HUR
RAL1;Large dozers;D9;ED502;36003;2012;3;391;HUR
RAL1;Large dozers;D9;ED502;36003;2012;4;494;HUR
RAL1;Large dozers;D9;ED502;36003;2012;5;54;HUR
RAL1;Large dozers;D9;ED502;36003;2012;6;465;HUR
RAL1;Large dozers;D9;ED502;36003;2012;7;537;HUR
RAL1;Large dozers;D9;ED502;36003;2012;8;440;HUR
RAL1;Large dozers;D9;ED502;36003;2012;9;361;HUR
RAL1;Large dozers;D9;ED502;36003;2012;10;440;HUR
RAL1;Large dozers;D9;ED502;36003;2012;11;566;HUR
RAL1;Large dozers;D9;ED502;36003;2012;12;469;HUR
RAL1;Large dozers;D9;ED502;36003;2013;1;563;HUR
RAL1;Large dozers;D9;ED502;36003;2013;2;222;HUR
RAL1;Large dozers;D9;ED502;36003;2013;3;332;HUR
RAL1;Large dozers;D9;ED502;36003;2013;4;466;HUR
RAL1;Large dozers;D9;ED502;36003;2013;5;561;HUR
RAL1;Large dozers;D9;ED502;36003;2013;6;471;HUR
RAL1;Large dozers;D9;ED502;36003;2013;7;456;HUR
RAL1;Large dozers;D9;ED502;36003;2013;8;411;HUR
RAL1;Large dozers;D9;ED502;36003;2013;9;281;HUR
RAL1;Large dozers;D9;ED502;36003;2013;10;458;HUR
RAL1;Large dozers;D9;ED502;36003;2013;11;475;HUR
RAL1;Large dozers;D9;ED502;36003;2013;12;503;HUR
RAL1;Large dozers;D9;ED502;36003;2014;1;426;HUR
RAL1;Large dozers;D9;ED502;36003;2014;2;411;HUR
RAL1;Large dozers;D9;ED502;36003;2014;3;495;HUR
RAL1;Large dozers;D9;ED502;36003;2014;4;466;HUR
RAL1;Large dozers;D9;ED502;36003;2014;5;490;HUR
RAL1;Large dozers;D9;ED502;36003;2014;6;112;HUR
RAL1;Large dozers;D9;ED502;36003;2014;7;415;HUR
RAL1;Large dozers;D9;ED502;36003;2014;8;455;HUR
RAL1;Large dozers;D9;ED502;36003;2014;9;329;HUR
RAL1;Large dozers;D9;ED502;36003;2014;10;104;HUR
RAL1;Large dozers;D9;ED502;36003;2014;11;0;HUR
RAL1;Large dozers;D9;ED502;36003;2014;12;16;HUR
RAL1;Large dozers;D9;ED502;36003;2015;1;130;HUR
RAL1;Large dozers;D9;ED502;36003;2015;2;434;HUR
RAL1;Large dozers;D9;ED502;36003;2015;3;494;HUR
RAL1;Large dozers;D9;ED502;36003;2015;4;521;HUR
RAL1;Large dozers;D9;ED502;36003;2015;5;538;HUR
RAL1;Large dozers;D9;ED502;36003;2015;6;525;HUR
RAL1;Large dozers;D9;ED502;36003;2015;7;517;HUR
RAL1;Large dozers;D9;ED502;36003;2015;8;551;HUR
RAL1;Large dozers;D9;ED502;36003;2015;9;496;HUR
RAL1;Large dozers;D9;ED502;36003;2015;10;376;HUR
RAL1;Large dozers;D9;ED502;36003;2015;11;503;HUR
RAL1;Large dozers;D9;ED502;36003;2015;12;502;HUR
RAL1;Large dozers;D9;ED502;36003;2016;1;496;HUR
RAL1;Large dozers;D9;ED502;36003;2016;2;37;HUR
RAL1;Large dozers;D9;ED502;36003;2016;3;0;HUR
RAL1;Large dozers;D9;ED502;36003;2016;4;208;HUR
RAL1;Large dozers;D9;ED502;36003;2016;5;453;HUR
RAL1;Large dozers;D9;ED502;36003;2016;6;461;HUR
RAL1;Large dozers;D9;ED502;36003;2016;7;282;HUR
RAL1;Large dozers;D9;ED502;36003;2016;8;348;HUR
RAL1;Large dozers;D9;ED502;36003;2016;9;411;HUR
RAL1;Large dozers;D9;ED502;36003;2016;10;422;HUR
RAL1;Large dozers;D9;ED502;36003;2016;11;268;HUR
RAL1;Large dozers;D9;ED502;36003;2016;12;268;HUR
RAL1;Large dozers;D9;ED502;36003;2017;1;209;HUR
RAL1;Large dozers;D9;ED502;36003;2017;2;0;HUR
RAL1;Large dozers;D9;ED502;36003;2017;3;201;HUR
RAL1;Large dozers;D9;ED502;36003;2017;4;182;HUR
RAL1;Large dozers;D9;ED502;36003;2017;5;260;HUR
RAL1;Large dozers;D9;ED502;36003;2017;6;243;HUR
RAL1;Large dozers;D9;ED502;36003;2017;7;157;HUR
RAL1;Large dozers;D9;ED502;36003;2017;8;0;HUR
RAL1;Large dozers;D9;ED502;36003;2017;9;0;HUR
RAL1;Large dozers;D9;ED502;36003;2017;10;0;HUR
RAL1;Large dozers;D9;ED502;36003;2017;11;279;HUR
RAL1;Large dozers;D9;ED502;36003;2017;12;418;HUR
RAL1;Large dozers;D9;ED503;35691;2010;1;0;HUR
RAL1;Large dozers;D9;ED503;35691;2010;2;0;HUR
RAL1;Large dozers;D9;ED503;35691;2010;3;0;HUR
RAL1;Large dozers;D9;ED503;35691;2010;4;0;HUR
RAL1;Large dozers;D9;ED503;35691;2010;5;127;HUR
RAL1;Large dozers;D9;ED503;35691;2010;6;257;HUR
RAL1;Large dozers;D9;ED503;35691;2010;7;439;HUR
RAL1;Large dozers;D9;ED503;35691;2010;8;426;HUR
RAL1;Large dozers;D9;ED503;35691;2010;9;421;HUR
RAL1;Large dozers;D9;ED503;35691;2010;10;298;HUR
RAL1;Large dozers;D9;ED503;35691;2010;11;369;HUR
RAL1;Large dozers;D9;ED503;35691;2010;12;471;HUR
RAL1;Large dozers;D9;ED503;35691;2011;1;317;HUR
RAL1;Large dozers;D9;ED503;35691;2011;2;546;HUR
RAL1;Large dozers;D9;ED503;35691;2011;3;618;HUR
RAL1;Large dozers;D9;ED503;35691;2011;4;774;HUR
RAL1;Large dozers;D9;ED503;35691;2011;5;601;HUR
RAL1;Large dozers;D9;ED503;35691;2011;6;571;HUR
RAL1;Large dozers;D9;ED503;35691;2011;7;0;HUR
RAL1;Large dozers;D9;ED503;35691;2011;8;5;HUR
RAL1;Large dozers;D9;ED503;35691;2011;9;219;HUR
RAL1;Large dozers;D9;ED503;35691;2011;10;354;HUR
RAL1;Large dozers;D9;ED503;35691;2011;11;498;HUR
RAL1;Large dozers;D9;ED503;35691;2011;12;504;HUR
RAL1;Large dozers;D9;ED503;35691;2012;1;242;HUR
RAL1;Large dozers;D9;ED503;35691;2012;2;83;HUR
RAL1;Large dozers;D9;ED503;35691;2012;3;275;HUR
RAL1;Large dozers;D9;ED503;35691;2012;4;207;HUR
RAL1;Large dozers;D9;ED503;35691;2012;5;449;HUR
RAL1;Large dozers;D9;ED503;35691;2012;6;443;HUR
RAL1;Large dozers;D9;ED503;35691;2012;7;445;HUR
RAL1;Large dozers;D9;ED503;35691;2012;8;456;HUR
RAL1;Large dozers;D9;ED503;35691;2012;9;387;HUR
RAL1;Large dozers;D9;ED503;35691;2012;10;373;HUR
RAL1;Large dozers;D9;ED503;35691;2012;11;467;HUR
RAL1;Large dozers;D9;ED503;35691;2012;12;486;HUR
RAL1;Large dozers;D9;ED503;35691;2013;1;614;HUR
RAL1;Large dozers;D9;ED503;35691;2013;2;356;HUR
RAL1;Large dozers;D9;ED503;35691;2013;3;566;HUR
RAL1;Large dozers;D9;ED503;35691;2013;4;455;HUR
RAL1;Large dozers;D9;ED503;35691;2013;5;465;HUR
RAL1;Large dozers;D9;ED503;35691;2013;6;153;HUR
RAL1;Large dozers;D9;ED503;35691;2013;7;428;HUR
RAL1;Large dozers;D9;ED503;35691;2013;8;447;HUR
RAL1;Large dozers;D9;ED503;35691;2013;9;332;HUR
RAL1;Large dozers;D9;ED503;35691;2013;10;165;HUR
RAL1;Large dozers;D9;ED503;35691;2013;11;219;HUR
RAL1;Large dozers;D9;ED503;35691;2013;12;416;HUR
RAL1;Large dozers;D9;ED503;35691;2014;1;426;HUR
RAL1;Large dozers;D9;ED503;35691;2014;2;385;HUR
RAL1;Large dozers;D9;ED503;35691;2014;3;474;HUR
RAL1;Large dozers;D9;ED503;35691;2014;4;231;HUR
RAL1;Large dozers;D9;ED503;35691;2014;5;98;HUR
RAL1;Large dozers;D9;ED503;35691;2014;6;257;HUR
RAL1;Large dozers;D9;ED503;35691;2014;7;177;HUR
RAL1;Large dozers;D9;ED503;35691;2014;8;173;HUR
RAL1;Large dozers;D9;ED503;35691;2014;9;0;HUR
RAL1;Large dozers;D9;ED503;35691;2014;10;80;HUR
RAL1;Large dozers;D9;ED503;35691;2014;11;457;HUR
RAL1;Large dozers;D9;ED503;35691;2014;12;426;HUR
RAL1;Large dozers;D9;ED503;35691;2015;1;422;HUR
RAL1;Large dozers;D9;ED503;35691;2015;2;488;HUR
RAL1;Large dozers;D9;ED503;35691;2015;3;197;HUR
RAL1;Large dozers;D9;ED503;35691;2015;4;0;HUR
RAL1;Large dozers;D9;ED503;35691;2015;5;144;HUR
RAL1;Large dozers;D9;ED503;35691;2015;6;336;HUR
RAL1;Large dozers;D9;ED503;35691;2015;7;283;HUR
RAL1;Large dozers;D9;ED503;35691;2015;8;213;HUR
RAL1;Large dozers;D9;ED503;35691;2015;9;513;HUR
RAL1;Large dozers;D9;ED503;35691;2015;10;493;HUR
RAL1;Large dozers;D9;ED503;35691;2015;11;309;HUR
RAL1;Large dozers;D9;ED503;35691;2015;12;502;HUR
RAL1;Large dozers;D9;ED503;35691;2016;1;241;HUR
RAL1;Large dozers;D9;ED503;35691;2016;2;465;HUR
RAL1;Large dozers;D9;ED503;35691;2016;3;512;HUR
RAL1;Large dozers;D9;ED503;35691;2016;4;451;HUR
RAL1;Large dozers;D9;ED503;35691;2016;5;495;HUR
RAL1;Large dozers;D9;ED503;35691;2016;6;431;HUR
RAL1;Large dozers;D9;ED503;35691;2016;7;339;HUR
RAL1;Large dozers;D9;ED503;35691;2016;8;409;HUR
RAL1;Large dozers;D9;ED503;35691;2016;9;379;HUR
RAL1;Large dozers;D9;ED503;35691;2016;10;267;HUR
RAL1;Large dozers;D9;ED503;35691;2016;11;0;HUR
RAL1;Large dozers;D9;ED503;35691;2016;12;81;HUR
RAL1;Large dozers;D9;ED503;35691;2017;1;404;HUR
RAL1;Large dozers;D9;ED503;35691;2017;2;357;HUR
RAL1;Large dozers;D9;ED503;35691;2017;3;275;HUR
RAL1;Large dozers;D9;ED503;35691;2017;4;287;HUR
RAL1;Large dozers;D9;ED503;35691;2017;5;296;HUR
RAL1;Large dozers;D9;ED503;35691;2017;6;364;HUR
RAL1;Large dozers;D9;ED503;35691;2017;7;383;HUR
RAL1;Large dozers;D9;ED503;35691;2017;8;339;HUR
RAL1;Large dozers;D9;ED503;35691;2017;9;55;HUR
RAL1;Large dozers;D9;ED503;35691;2017;10;340;HUR
RAL1;Large dozers;D9;ED503;35691;2017;11;356;HUR
RAL1;Large dozers;D9;ED503;35691;2017;12;330;HUR
BARRICK;Large dozers;D9;ED504;36187;2010;1;0;HUR
BARRICK;Large dozers;D9;ED504;36187;2010;2;0;HUR
BARRICK;Large dozers;D9;ED504;36187;2010;3;0;HUR
BARRICK;Large dozers;D9;ED504;36187;2010;4;0;HUR
BARRICK;Large dozers;D9;ED504;36187;2010;5;174;HUR
BARRICK;Large dozers;D9;ED504;36187;2010;6;17;HUR
BARRICK;Large dozers;D9;ED504;36187;2010;7;235;HUR
BARRICK;Large dozers;D9;ED504;36187;2010;8;402;HUR
BARRICK;Large dozers;D9;ED504;36187;2010;9;334;HUR
BARRICK;Large dozers;D9;ED504;36187;2010;10;381;HUR
BARRICK;Large dozers;D9;ED504;36187;2010;11;458;HUR
BARRICK;Large dozers;D9;ED504;36187;2010;12;382;HUR
BARRICK;Large dozers;D9;ED504;36187;2011;1;320;HUR
BARRICK;Large dozers;D9;ED504;36187;2011;2;528;HUR
BARRICK;Large dozers;D9;ED504;36187;2011;3;625;HUR
BARRICK;Large dozers;D9;ED504;36187;2011;4;589;HUR
BARRICK;Large dozers;D9;ED504;36187;2011;5;40;HUR
BARRICK;Large dozers;D9;ED504;36187;2011;6;0;HUR
BARRICK;Large dozers;D9;ED504;36187;2011;7;472;HUR
BARRICK;Large dozers;D9;ED504;36187;2011;8;472;HUR
BARRICK;Large dozers;D9;ED504;36187;2011;9;440;HUR
BARRICK;Large dozers;D9;ED504;36187;2011;10;395;HUR
BARRICK;Large dozers;D9;ED504;36187;2011;11;462;HUR
BARRICK;Large dozers;D9;ED504;36187;2011;12;568;HUR
BARRICK;Large dozers;D9;ED504;36187;2012;1;460;HUR
BARRICK;Large dozers;D9;ED504;36187;2012;2;190;HUR
BARRICK;Large dozers;D9;ED504;36187;2012;3;137;HUR
BARRICK;Large dozers;D9;ED504;36187;2012;4;472;HUR
BARRICK;Large dozers;D9;ED504;36187;2012;5;511;HUR
BARRICK;Large dozers;D9;ED504;36187;2012;6;478;HUR
BARRICK;Large dozers;D9;ED504;36187;2012;7;382;HUR
BARRICK;Large dozers;D9;ED504;36187;2012;8;438;HUR
BARRICK;Large dozers;D9;ED504;36187;2012;9;269;HUR
BARRICK;Large dozers;D9;ED504;36187;2012;10;393;HUR
BARRICK;Large dozers;D9;ED504;36187;2012;11;510;HUR
BARRICK;Large dozers;D9;ED504;36187;2012;12;599;HUR
BARRICK;Large dozers;D9;ED504;36187;2013;1;414;HUR
BARRICK;Large dozers;D9;ED504;36187;2013;2;465;HUR
BARRICK;Large dozers;D9;ED504;36187;2013;3;564;HUR
BARRICK;Large dozers;D9;ED504;36187;2013;4;485;HUR
BARRICK;Large dozers;D9;ED504;36187;2013;5;518;HUR
BARRICK;Large dozers;D9;ED504;36187;2013;6;525;HUR
BARRICK;Large dozers;D9;ED504;36187;2013;7;142;HUR
BARRICK;Large dozers;D9;ED504;36187;2013;8;210;HUR
BARRICK;Large dozers;D9;ED504;36187;2013;9;0;HUR
BARRICK;Large dozers;D9;ED504;36187;2013;10;432;HUR
BARRICK;Large dozers;D9;ED504;36187;2013;11;506;HUR
BARRICK;Large dozers;D9;ED504;36187;2013;12;517;HUR
BARRICK;Large dozers;D9;ED504;36187;2014;1;528;HUR
BARRICK;Large dozers;D9;ED504;36187;2014;2;497;HUR
BARRICK;Large dozers;D9;ED504;36187;2014;3;533;HUR
BARRICK;Large dozers;D9;ED504;36187;2014;4;502;HUR
BARRICK;Large dozers;D9;ED504;36187;2014;5;613;HUR
BARRICK;Large dozers;D9;ED504;36187;2014;6;519;HUR
BARRICK;Large dozers;D9;ED504;36187;2014;7;287;HUR
BARRICK;Large dozers;D9;ED504;36187;2014;8;443;HUR
BARRICK;Large dozers;D9;ED504;36187;2014;9;458;HUR
BARRICK;Large dozers;D9;ED504;36187;2014;10;469;HUR
BARRICK;Large dozers;D9;ED504;36187;2014;11;486;HUR
BARRICK;Large dozers;D9;ED504;36187;2014;12;359;HUR
BARRICK;Large dozers;D9;ED504;36187;2015;1;321;HUR
BARRICK;Large dozers;D9;ED504;36187;2015;2;390;HUR
BARRICK;Large dozers;D9;ED504;36187;2015;3;355;HUR
BARRICK;Large dozers;D9;ED504;36187;2015;4;446;HUR
BARRICK;Large dozers;D9;ED504;36187;2015;5;515;HUR
BARRICK;Large dozers;D9;ED504;36187;2015;6;543;HUR
BARRICK;Large dozers;D9;ED504;36187;2015;7;466;HUR
BARRICK;Large dozers;D9;ED504;36187;2015;8;547;HUR
BARRICK;Large dozers;D9;ED504;36187;2015;9;507;HUR
BARRICK;Large dozers;D9;ED504;36187;2015;10;451;HUR
BARRICK;Large dozers;D9;ED504;36187;2015;11;429;HUR
BARRICK;Large dozers;D9;ED504;36187;2015;12;258;HUR
BARRICK;Large dozers;D9;ED504;36187;2016;1;278;HUR
BARRICK;Large dozers;D9;ED504;36187;2016;2;478;HUR
BARRICK;Large dozers;D9;ED504;36187;2016;3;488;HUR
BARRICK;Large dozers;D9;ED504;36187;2016;4;57;HUR
BARRICK;Large dozers;D9;ED504;36187;2016;5;0;HUR
BARRICK;Large dozers;D9;ED504;36187;2016;6;0;HUR
BARRICK;Large dozers;D9;ED504;36187;2016;7;337;HUR
BARRICK;Large dozers;D9;ED504;36187;2016;8;402;HUR
BARRICK;Large dozers;D9;ED504;36187;2016;9;483;HUR
BARRICK;Large dozers;D9;ED504;36187;2016;10;248;HUR
BARRICK;Large dozers;D9;ED504;36187;2016;11;254;HUR
BARRICK;Large dozers;D9;ED504;36187;2016;12;342;HUR
BARRICK;Large dozers;D9;ED504;36187;2017;1;433;HUR
BARRICK;Large dozers;D9;ED504;36187;2017;2;266;HUR
BARRICK;Large dozers;D9;ED504;36187;2017;3;332;HUR
BARRICK;Large dozers;D9;ED504;36187;2017;4;35;HUR
BARRICK;Large dozers;D9;ED504;36187;2017;5;306;HUR
BARRICK;Large dozers;D9;ED504;36187;2017;6;417;HUR
BARRICK;Large dozers;D9;ED504;36187;2017;7;427;HUR
BARRICK;Large dozers;D9;ED504;36187;2017;8;471;HUR
BARRICK;Large dozers;D9;ED504;36187;2017;9;399;HUR
BARRICK;Large dozers;D9;ED504;36187;2017;10;397;HUR
BARRICK;Large dozers;D9;ED504;36187;2017;11;385;HUR
BARRICK;Large dozers;D9;ED504;36187;2017;12;443;HUR
RAL1;Large dozers;D9;ED505;36970;2010;1;0;HUR
RAL1;Large dozers;D9;ED505;36970;2010;2;0;HUR
RAL1;Large dozers;D9;ED505;36970;2010;3;0;HUR
RAL1;Large dozers;D9;ED505;36970;2010;4;0;HUR
RAL1;Large dozers;D9;ED505;36970;2010;5;130;HUR
RAL1;Large dozers;D9;ED505;36970;2010;6;332;HUR
RAL1;Large dozers;D9;ED505;36970;2010;7;328;HUR
RAL1;Large dozers;D9;ED505;36970;2010;8;414;HUR
RAL1;Large dozers;D9;ED505;36970;2010;9;460;HUR
RAL1;Large dozers;D9;ED505;36970;2010;10;431;HUR
RAL1;Large dozers;D9;ED505;36970;2010;11;469;HUR
RAL1;Large dozers;D9;ED505;36970;2010;12;352;HUR
RAL1;Large dozers;D9;ED505;36970;2011;1;220;HUR
RAL1;Large dozers;D9;ED505;36970;2011;2;509;HUR
RAL1;Large dozers;D9;ED505;36970;2011;3;605;HUR
RAL1;Large dozers;D9;ED505;36970;2011;4;601;HUR
RAL1;Large dozers;D9;ED505;36970;2011;5;522;HUR
RAL1;Large dozers;D9;ED505;36970;2011;6;362;HUR
RAL1;Large dozers;D9;ED505;36970;2011;7;548;HUR
RAL1;Large dozers;D9;ED505;36970;2011;8;517;HUR
RAL1;Large dozers;D9;ED505;36970;2011;9;420;HUR
RAL1;Large dozers;D9;ED505;36970;2011;10;419;HUR
RAL1;Large dozers;D9;ED505;36970;2011;11;524;HUR
RAL1;Large dozers;D9;ED505;36970;2011;12;463;HUR
RAL1;Large dozers;D9;ED505;36970;2012;1;541;HUR
RAL1;Large dozers;D9;ED505;36970;2012;2;330;HUR
RAL1;Large dozers;D9;ED505;36970;2012;3;397;HUR
RAL1;Large dozers;D9;ED505;36970;2012;4;462;HUR
RAL1;Large dozers;D9;ED505;36970;2012;5;538;HUR
RAL1;Large dozers;D9;ED505;36970;2012;6;520;HUR
RAL1;Large dozers;D9;ED505;36970;2012;7;521;HUR
RAL1;Large dozers;D9;ED505;36970;2012;8;470;HUR
RAL1;Large dozers;D9;ED505;36970;2012;9;283;HUR
RAL1;Large dozers;D9;ED505;36970;2012;10;478;HUR
RAL1;Large dozers;D9;ED505;36970;2012;11;494;HUR
RAL1;Large dozers;D9;ED505;36970;2012;12;209;HUR
RAL1;Large dozers;D9;ED505;36970;2013;1;367;HUR
RAL1;Large dozers;D9;ED505;36970;2013;2;519;HUR
RAL1;Large dozers;D9;ED505;36970;2013;3;535;HUR
RAL1;Large dozers;D9;ED505;36970;2013;4;457;HUR
RAL1;Large dozers;D9;ED505;36970;2013;5;633;HUR
RAL1;Large dozers;D9;ED505;36970;2013;6;470;HUR
RAL1;Large dozers;D9;ED505;36970;2013;7;485;HUR
RAL1;Large dozers;D9;ED505;36970;2013;8;233;HUR
RAL1;Large dozers;D9;ED505;36970;2013;9;435;HUR
RAL1;Large dozers;D9;ED505;36970;2013;10;399;HUR
RAL1;Large dozers;D9;ED505;36970;2013;11;492;HUR
RAL1;Large dozers;D9;ED505;36970;2013;12;453;HUR
RAL1;Large dozers;D9;ED505;36970;2014;1;456;HUR
RAL1;Large dozers;D9;ED505;36970;2014;2;262;HUR
RAL1;Large dozers;D9;ED505;36970;2014;3;84;HUR
RAL1;Large dozers;D9;ED505;36970;2014;4;0;HUR
RAL1;Large dozers;D9;ED505;36970;2014;5;0;HUR
RAL1;Large dozers;D9;ED505;36970;2014;6;360;HUR
RAL1;Large dozers;D9;ED505;36970;2014;7;395;HUR
RAL1;Large dozers;D9;ED505;36970;2014;8;362;HUR
RAL1;Large dozers;D9;ED505;36970;2014;9;432;HUR
RAL1;Large dozers;D9;ED505;36970;2014;10;538;HUR
RAL1;Large dozers;D9;ED505;36970;2014;11;478;HUR
RAL1;Large dozers;D9;ED505;36970;2014;12;554;HUR
RAL1;Large dozers;D9;ED505;36970;2015;1;532;HUR
RAL1;Large dozers;D9;ED505;36970;2015;2;377;HUR
RAL1;Large dozers;D9;ED505;36970;2015;3;513;HUR
RAL1;Large dozers;D9;ED505;36970;2015;4;351;HUR
RAL1;Large dozers;D9;ED505;36970;2015;5;483;HUR
RAL1;Large dozers;D9;ED505;36970;2015;6;534;HUR
RAL1;Large dozers;D9;ED505;36970;2015;7;580;HUR
RAL1;Large dozers;D9;ED505;36970;2015;8;527;HUR
RAL1;Large dozers;D9;ED505;36970;2015;9;99;HUR
RAL1;Large dozers;D9;ED505;36970;2015;10;0;HUR
RAL1;Large dozers;D9;ED505;36970;2015;11;349;HUR
RAL1;Large dozers;D9;ED505;36970;2015;12;459;HUR
RAL1;Large dozers;D9;ED505;36970;2016;1;536;HUR
RAL1;Large dozers;D9;ED505;36970;2016;2;417;HUR
RAL1;Large dozers;D9;ED505;36970;2016;3;307;HUR
RAL1;Large dozers;D9;ED505;36970;2016;4;24;HUR
RAL1;Large dozers;D9;ED505;36970;2016;5;0;HUR
RAL1;Large dozers;D9;ED505;36970;2016;6;159;HUR
RAL1;Large dozers;D9;ED505;36970;2016;7;388;HUR
RAL1;Large dozers;D9;ED505;36970;2016;8;416;HUR
RAL1;Large dozers;D9;ED505;36970;2016;9;389;HUR
RAL1;Large dozers;D9;ED505;36970;2016;10;405;HUR
RAL1;Large dozers;D9;ED505;36970;2016;11;374;HUR
RAL1;Large dozers;D9;ED505;36970;2016;12;196;HUR
RAL1;Large dozers;D9;ED505;36970;2017;1;256;HUR
RAL1;Large dozers;D9;ED505;36970;2017;2;335;HUR
RAL1;Large dozers;D9;ED505;36970;2017;3;287;HUR
RAL1;Large dozers;D9;ED505;36970;2017;4;304;HUR
RAL1;Large dozers;D9;ED505;36970;2017;5;93;HUR
RAL1;Large dozers;D9;ED505;36970;2017;6;10;HUR
RAL1;Large dozers;D9;ED505;36970;2017;7;0;HUR
RAL1;Large dozers;D9;ED505;36970;2017;8;0;HUR
RAL1;Large dozers;D9;ED505;36970;2017;9;0;HUR
RAL1;Large dozers;D9;ED505;36970;2017;10;0;HUR
RAL1;Large dozers;D9;ED505;36970;2017;11;0;HUR
RAL1;Large dozers;D9;ED505;36970;2017;12;0;HUR
RAL1;Large dozers;D9;ED506;36165;2010;1;0;HUR
RAL1;Large dozers;D9;ED506;36165;2010;2;0;HUR
RAL1;Large dozers;D9;ED506;36165;2010;3;0;HUR
RAL1;Large dozers;D9;ED506;36165;2010;4;0;HUR
RAL1;Large dozers;D9;ED506;36165;2010;5;143;HUR
RAL1;Large dozers;D9;ED506;36165;2010;6;275;HUR
RAL1;Large dozers;D9;ED506;36165;2010;7;335;HUR
RAL1;Large dozers;D9;ED506;36165;2010;8;415;HUR
RAL1;Large dozers;D9;ED506;36165;2010;9;389;HUR
RAL1;Large dozers;D9;ED506;36165;2010;10;343;HUR
RAL1;Large dozers;D9;ED506;36165;2010;11;351;HUR
RAL1;Large dozers;D9;ED506;36165;2010;12;186;HUR
RAL1;Large dozers;D9;ED506;36165;2011;1;266;HUR
RAL1;Large dozers;D9;ED506;36165;2011;2;542;HUR
RAL1;Large dozers;D9;ED506;36165;2011;3;573;HUR
RAL1;Large dozers;D9;ED506;36165;2011;4;584;HUR
RAL1;Large dozers;D9;ED506;36165;2011;5;435;HUR
RAL1;Large dozers;D9;ED506;36165;2011;6;0;HUR
RAL1;Large dozers;D9;ED506;36165;2011;7;534;HUR
RAL1;Large dozers;D9;ED506;36165;2011;8;464;HUR
RAL1;Large dozers;D9;ED506;36165;2011;9;442;HUR
RAL1;Large dozers;D9;ED506;36165;2011;10;413;HUR
RAL1;Large dozers;D9;ED506;36165;2011;11;368;HUR
RAL1;Large dozers;D9;ED506;36165;2011;12;169;HUR
RAL1;Large dozers;D9;ED506;36165;2012;1;484;HUR
RAL1;Large dozers;D9;ED506;36165;2012;2;167;HUR
RAL1;Large dozers;D9;ED506;36165;2012;3;130;HUR
RAL1;Large dozers;D9;ED506;36165;2012;4;346;HUR
RAL1;Large dozers;D9;ED506;36165;2012;5;572;HUR
RAL1;Large dozers;D9;ED506;36165;2012;6;456;HUR
RAL1;Large dozers;D9;ED506;36165;2012;7;356;HUR
RAL1;Large dozers;D9;ED506;36165;2012;8;361;HUR
RAL1;Large dozers;D9;ED506;36165;2012;9;429;HUR
RAL1;Large dozers;D9;ED506;36165;2012;10;472;HUR
RAL1;Large dozers;D9;ED506;36165;2012;11;284;HUR
RAL1;Large dozers;D9;ED506;36165;2012;12;562;HUR
RAL1;Large dozers;D9;ED506;36165;2013;1;331;HUR
RAL1;Large dozers;D9;ED506;36165;2013;2;533;HUR
RAL1;Large dozers;D9;ED506;36165;2013;3;464;HUR
RAL1;Large dozers;D9;ED506;36165;2013;4;494;HUR
RAL1;Large dozers;D9;ED506;36165;2013;5;393;HUR
RAL1;Large dozers;D9;ED506;36165;2013;6;538;HUR
RAL1;Large dozers;D9;ED506;36165;2013;7;456;HUR
RAL1;Large dozers;D9;ED506;36165;2013;8;407;HUR
RAL1;Large dozers;D9;ED506;36165;2013;9;470;HUR
RAL1;Large dozers;D9;ED506;36165;2013;10;500;HUR
RAL1;Large dozers;D9;ED506;36165;2013;11;415;HUR
RAL1;Large dozers;D9;ED506;36165;2013;12;441;HUR
RAL1;Large dozers;D9;ED506;36165;2014;1;455;HUR
RAL1;Large dozers;D9;ED506;36165;2014;2;404;HUR
RAL1;Large dozers;D9;ED506;36165;2014;3;567;HUR
RAL1;Large dozers;D9;ED506;36165;2014;4;470;HUR
RAL1;Large dozers;D9;ED506;36165;2014;5;567;HUR
RAL1;Large dozers;D9;ED506;36165;2014;6;491;HUR
RAL1;Large dozers;D9;ED506;36165;2014;7;503;HUR
RAL1;Large dozers;D9;ED506;36165;2014;8;362;HUR
RAL1;Large dozers;D9;ED506;36165;2014;9;368;HUR
RAL1;Large dozers;D9;ED506;36165;2014;10;522;HUR
RAL1;Large dozers;D9;ED506;36165;2014;11;498;HUR
RAL1;Large dozers;D9;ED506;36165;2014;12;407;HUR
RAL1;Large dozers;D9;ED506;36165;2015;1;10;HUR
RAL1;Large dozers;D9;ED506;36165;2015;2;26;HUR
RAL1;Large dozers;D9;ED506;36165;2015;3;208;HUR
RAL1;Large dozers;D9;ED506;36165;2015;4;436;HUR
RAL1;Large dozers;D9;ED506;36165;2015;5;526;HUR
RAL1;Large dozers;D9;ED506;36165;2015;6;531;HUR
RAL1;Large dozers;D9;ED506;36165;2015;7;526;HUR
RAL1;Large dozers;D9;ED506;36165;2015;8;440;HUR
RAL1;Large dozers;D9;ED506;36165;2015;9;315;HUR
RAL1;Large dozers;D9;ED506;36165;2015;10;414;HUR
RAL1;Large dozers;D9;ED506;36165;2015;11;452;HUR
RAL1;Large dozers;D9;ED506;36165;2015;12;385;HUR
RAL1;Large dozers;D9;ED506;36165;2016;1;143;HUR
RAL1;Large dozers;D9;ED506;36165;2016;2;86;HUR
RAL1;Large dozers;D9;ED506;36165;2016;3;490;HUR
RAL1;Large dozers;D9;ED506;36165;2016;4;470;HUR
RAL1;Large dozers;D9;ED506;36165;2016;5;401;HUR
RAL1;Large dozers;D9;ED506;36165;2016;6;415;HUR
RAL1;Large dozers;D9;ED506;36165;2016;7;212;HUR
RAL1;Large dozers;D9;ED506;36165;2016;8;0;HUR
RAL1;Large dozers;D9;ED506;36165;2016;9;12;HUR
RAL1;Large dozers;D9;ED506;36165;2016;10;323;HUR
RAL1;Large dozers;D9;ED506;36165;2016;11;411;HUR
RAL1;Large dozers;D9;ED506;36165;2016;12;444;HUR
RAL1;Large dozers;D9;ED506;36165;2017;1;283;HUR
RAL1;Large dozers;D9;ED506;36165;2017;2;245;HUR
RAL1;Large dozers;D9;ED506;36165;2017;3;260;HUR
RAL1;Large dozers;D9;ED506;36165;2017;4;371;HUR
RAL1;Large dozers;D9;ED506;36165;2017;5;427;HUR
RAL1;Large dozers;D9;ED506;36165;2017;6;325;HUR
RAL1;Large dozers;D9;ED506;36165;2017;7;439;HUR
RAL1;Large dozers;D9;ED506;36165;2017;8;414;HUR
RAL1;Large dozers;D9;ED506;36165;2017;9;501;HUR
RAL1;Large dozers;D9;ED506;36165;2017;10;444;HUR
RAL1;Large dozers;D9;ED506;36165;2017;11;268;HUR
RAL1;Large dozers;D9;ED506;36165;2017;12;0;HUR
RAL1;Large dozers;D9;ED521;32112;2010;1;0;HUR
RAL1;Large dozers;D9;ED521;32112;2010;2;0;HUR
RAL1;Large dozers;D9;ED521;32112;2010;3;0;HUR
RAL1;Large dozers;D9;ED521;32112;2010;4;0;HUR
RAL1;Large dozers;D9;ED521;32112;2010;5;0;HUR
RAL1;Large dozers;D9;ED521;32112;2010;6;0;HUR
RAL1;Large dozers;D9;ED521;32112;2010;7;0;HUR
RAL1;Large dozers;D9;ED521;32112;2010;8;0;HUR
RAL1;Large dozers;D9;ED521;32112;2010;9;0;HUR
RAL1;Large dozers;D9;ED521;32112;2010;10;0;HUR
RAL1;Large dozers;D9;ED521;32112;2010;11;0;HUR
RAL1;Large dozers;D9;ED521;32112;2010;12;0;HUR
RAL1;Large dozers;D9;ED521;32112;2011;1;0;HUR
RAL1;Large dozers;D9;ED521;32112;2011;2;0;HUR
RAL1;Large dozers;D9;ED521;32112;2011;3;0;HUR
RAL1;Large dozers;D9;ED521;32112;2011;4;0;HUR
RAL1;Large dozers;D9;ED521;32112;2011;5;0;HUR
RAL1;Large dozers;D9;ED521;32112;2011;6;0;HUR
RAL1;Large dozers;D9;ED521;32112;2011;7;0;HUR
RAL1;Large dozers;D9;ED521;32112;2011;8;0;HUR
RAL1;Large dozers;D9;ED521;32112;2011;9;0;HUR
RAL1;Large dozers;D9;ED521;32112;2011;10;0;HUR
RAL1;Large dozers;D9;ED521;32112;2011;11;0;HUR
RAL1;Large dozers;D9;ED521;32112;2011;12;0;HUR
RAL1;Large dozers;D9;ED521;32112;2012;1;0;HUR
RAL1;Large dozers;D9;ED521;32112;2012;2;0;HUR
RAL1;Large dozers;D9;ED521;32112;2012;3;0;HUR
RAL1;Large dozers;D9;ED521;32112;2012;4;0;HUR
RAL1;Large dozers;D9;ED521;32112;2012;5;0;HUR
RAL1;Large dozers;D9;ED521;32112;2012;6;0;HUR
RAL1;Large dozers;D9;ED521;32112;2012;7;0;HUR
RAL1;Large dozers;D9;ED521;32112;2012;8;0;HUR
RAL1;Large dozers;D9;ED521;32112;2012;9;0;HUR
RAL1;Large dozers;D9;ED521;32112;2012;10;0;HUR
RAL1;Large dozers;D9;ED521;32112;2012;11;0;HUR
RAL1;Large dozers;D9;ED521;32112;2012;12;0;HUR
RAL1;Large dozers;D9;ED521;32112;2013;1;0;HUR
RAL1;Large dozers;D9;ED521;32112;2013;2;0;HUR
RAL1;Large dozers;D9;ED521;32112;2013;3;0;HUR
RAL1;Large dozers;D9;ED521;32112;2013;4;0;HUR
RAL1;Large dozers;D9;ED521;32112;2013;5;0;HUR
RAL1;Large dozers;D9;ED521;32112;2013;6;0;HUR
RAL1;Large dozers;D9;ED521;32112;2013;7;0;HUR
RAL1;Large dozers;D9;ED521;32112;2013;8;0;HUR
RAL1;Large dozers;D9;ED521;32112;2013;9;0;HUR
RAL1;Large dozers;D9;ED521;32112;2013;10;0;HUR
RAL1;Large dozers;D9;ED521;32112;2013;11;0;HUR
RAL1;Large dozers;D9;ED521;32112;2013;12;0;HUR
RAL1;Large dozers;D9;ED521;32112;2014;1;0;HUR
RAL1;Large dozers;D9;ED521;32112;2014;2;0;HUR
RAL1;Large dozers;D9;ED521;32112;2014;3;0;HUR
RAL1;Large dozers;D9;ED521;32112;2014;4;0;HUR
RAL1;Large dozers;D9;ED521;32112;2014;5;0;HUR
RAL1;Large dozers;D9;ED521;32112;2014;6;0;HUR
RAL1;Large dozers;D9;ED521;32112;2014;7;0;HUR
RAL1;Large dozers;D9;ED521;32112;2014;8;0;HUR
RAL1;Large dozers;D9;ED521;32112;2014;9;0;HUR
RAL1;Large dozers;D9;ED521;32112;2014;10;0;HUR
RAL1;Large dozers;D9;ED521;32112;2014;11;0;HUR
RAL1;Large dozers;D9;ED521;32112;2014;12;0;HUR
RAL1;Large dozers;D9;ED521;32112;2015;1;0;HUR
RAL1;Large dozers;D9;ED521;32112;2015;2;0;HUR
RAL1;Large dozers;D9;ED521;32112;2015;3;0;HUR
RAL1;Large dozers;D9;ED521;32112;2015;4;0;HUR
RAL1;Large dozers;D9;ED521;32112;2015;5;0;HUR
RAL1;Large dozers;D9;ED521;32112;2015;6;0;HUR
RAL1;Large dozers;D9;ED521;32112;2015;7;0;HUR
RAL1;Large dozers;D9;ED521;32112;2015;8;0;HUR
RAL1;Large dozers;D9;ED521;32112;2015;9;0;HUR
RAL1;Large dozers;D9;ED521;32112;2015;10;0;HUR
RAL1;Large dozers;D9;ED521;32112;2015;11;0;HUR
RAL1;Large dozers;D9;ED521;32112;2015;12;248;HUR
RAL1;Large dozers;D9;ED521;32112;2016;1;562;HUR
RAL1;Large dozers;D9;ED521;32112;2016;2;492;HUR
RAL1;Large dozers;D9;ED521;32112;2016;3;428;HUR
RAL1;Large dozers;D9;ED521;32112;2016;4;532;HUR
RAL1;Large dozers;D9;ED521;32112;2016;5;416;HUR
RAL1;Large dozers;D9;ED521;32112;2016;6;487;HUR
RAL1;Large dozers;D9;ED521;32112;2016;7;471;HUR
RAL1;Large dozers;D9;ED521;32112;2016;8;390;HUR
RAL1;Large dozers;D9;ED521;32112;2016;9;484;HUR
RAL1;Large dozers;D9;ED521;32112;2016;10;397;HUR
RAL1;Large dozers;D9;ED521;32112;2016;11;394;HUR
RAL1;Large dozers;D9;ED521;32112;2016;12;356;HUR
RAL1;Large dozers;D9;ED521;32112;2017;1;412;HUR
RAL1;Large dozers;D9;ED521;32112;2017;2;177;HUR
RAL1;Large dozers;D9;ED521;32112;2017;3;354;HUR
RAL1;Large dozers;D9;ED521;32112;2017;4;295;HUR
RAL1;Large dozers;D9;ED521;32112;2017;5;463;HUR
RAL1;Large dozers;D9;ED521;32112;2017;6;407;HUR
RAL1;Large dozers;D9;ED521;32112;2017;7;197;HUR
RAL1;Large dozers;D9;ED521;32112;2017;8;405;HUR
RAL1;Large dozers;D9;ED521;32112;2017;9;446;HUR
RAL1;Large dozers;D9;ED521;32112;2017;10;420;HUR
RAL1;Large dozers;D9;ED521;32112;2017;11;371;HUR
RAL1;Large dozers;D9;ED521;32112;2017;12;443;HUR
RAL1;Large dozers;D9;ED522;35961;2010;1;0;HUR
RAL1;Large dozers;D9;ED522;35961;2010;2;0;HUR
RAL1;Large dozers;D9;ED522;35961;2010;3;0;HUR
RAL1;Large dozers;D9;ED522;35961;2010;4;0;HUR
RAL1;Large dozers;D9;ED522;35961;2010;5;0;HUR
RAL1;Large dozers;D9;ED522;35961;2010;6;0;HUR
RAL1;Large dozers;D9;ED522;35961;2010;7;0;HUR
RAL1;Large dozers;D9;ED522;35961;2010;8;0;HUR
RAL1;Large dozers;D9;ED522;35961;2010;9;0;HUR
RAL1;Large dozers;D9;ED522;35961;2010;10;0;HUR
RAL1;Large dozers;D9;ED522;35961;2010;11;0;HUR
RAL1;Large dozers;D9;ED522;35961;2010;12;0;HUR
RAL1;Large dozers;D9;ED522;35961;2011;1;0;HUR
RAL1;Large dozers;D9;ED522;35961;2011;2;0;HUR
RAL1;Large dozers;D9;ED522;35961;2011;3;0;HUR
RAL1;Large dozers;D9;ED522;35961;2011;4;0;HUR
RAL1;Large dozers;D9;ED522;35961;2011;5;0;HUR
RAL1;Large dozers;D9;ED522;35961;2011;6;0;HUR
RAL1;Large dozers;D9;ED522;35961;2011;7;0;HUR
RAL1;Large dozers;D9;ED522;35961;2011;8;0;HUR
RAL1;Large dozers;D9;ED522;35961;2011;9;0;HUR
RAL1;Large dozers;D9;ED522;35961;2011;10;0;HUR
RAL1;Large dozers;D9;ED522;35961;2011;11;0;HUR
RAL1;Large dozers;D9;ED522;35961;2011;12;0;HUR
RAL1;Large dozers;D9;ED522;35961;2012;1;0;HUR
RAL1;Large dozers;D9;ED522;35961;2012;2;0;HUR
RAL1;Large dozers;D9;ED522;35961;2012;3;0;HUR
RAL1;Large dozers;D9;ED522;35961;2012;4;0;HUR
RAL1;Large dozers;D9;ED522;35961;2012;5;0;HUR
RAL1;Large dozers;D9;ED522;35961;2012;6;0;HUR
RAL1;Large dozers;D9;ED522;35961;2012;7;0;HUR
RAL1;Large dozers;D9;ED522;35961;2012;8;0;HUR
RAL1;Large dozers;D9;ED522;35961;2012;9;0;HUR
RAL1;Large dozers;D9;ED522;35961;2012;10;0;HUR
RAL1;Large dozers;D9;ED522;35961;2012;11;0;HUR
RAL1;Large dozers;D9;ED522;35961;2012;12;0;HUR
RAL1;Large dozers;D9;ED522;35961;2013;1;0;HUR
RAL1;Large dozers;D9;ED522;35961;2013;2;0;HUR
RAL1;Large dozers;D9;ED522;35961;2013;3;0;HUR
RAL1;Large dozers;D9;ED522;35961;2013;4;0;HUR
RAL1;Large dozers;D9;ED522;35961;2013;5;0;HUR
RAL1;Large dozers;D9;ED522;35961;2013;6;0;HUR
RAL1;Large dozers;D9;ED522;35961;2013;7;0;HUR
RAL1;Large dozers;D9;ED522;35961;2013;8;0;HUR
RAL1;Large dozers;D9;ED522;35961;2013;9;0;HUR
RAL1;Large dozers;D9;ED522;35961;2013;10;0;HUR
RAL1;Large dozers;D9;ED522;35961;2013;11;0;HUR
RAL1;Large dozers;D9;ED522;35961;2013;12;0;HUR
RAL1;Large dozers;D9;ED522;35961;2014;1;0;HUR
RAL1;Large dozers;D9;ED522;35961;2014;2;0;HUR
RAL1;Large dozers;D9;ED522;35961;2014;3;0;HUR
RAL1;Large dozers;D9;ED522;35961;2014;4;0;HUR
RAL1;Large dozers;D9;ED522;35961;2014;5;0;HUR
RAL1;Large dozers;D9;ED522;35961;2014;6;0;HUR
RAL1;Large dozers;D9;ED522;35961;2014;7;0;HUR
RAL1;Large dozers;D9;ED522;35961;2014;8;0;HUR
RAL1;Large dozers;D9;ED522;35961;2014;9;0;HUR
RAL1;Large dozers;D9;ED522;35961;2014;10;0;HUR
RAL1;Large dozers;D9;ED522;35961;2014;11;0;HUR
RAL1;Large dozers;D9;ED522;35961;2014;12;0;HUR
RAL1;Large dozers;D9;ED522;35961;2015;1;0;HUR
RAL1;Large dozers;D9;ED522;35961;2015;2;0;HUR
RAL1;Large dozers;D9;ED522;35961;2015;3;0;HUR
RAL1;Large dozers;D9;ED522;35961;2015;4;0;HUR
RAL1;Large dozers;D9;ED522;35961;2015;5;0;HUR
RAL1;Large dozers;D9;ED522;35961;2015;6;0;HUR
RAL1;Large dozers;D9;ED522;35961;2015;7;0;HUR
RAL1;Large dozers;D9;ED522;35961;2015;8;0;HUR
RAL1;Large dozers;D9;ED522;35961;2015;9;0;HUR
RAL1;Large dozers;D9;ED522;35961;2015;10;0;HUR
RAL1;Large dozers;D9;ED522;35961;2015;11;0;HUR
RAL1;Large dozers;D9;ED522;35961;2015;12;259;HUR
RAL1;Large dozers;D9;ED522;35961;2016;1;543;HUR
RAL1;Large dozers;D9;ED522;35961;2016;2;479;HUR
RAL1;Large dozers;D9;ED522;35961;2016;3;528;HUR
RAL1;Large dozers;D9;ED522;35961;2016;4;506;HUR
RAL1;Large dozers;D9;ED522;35961;2016;5;486;HUR
RAL1;Large dozers;D9;ED522;35961;2016;6;450;HUR
RAL1;Large dozers;D9;ED522;35961;2016;7;428;HUR
RAL1;Large dozers;D9;ED522;35961;2016;8;429;HUR
RAL1;Large dozers;D9;ED522;35961;2016;9;343;HUR
RAL1;Large dozers;D9;ED522;35961;2016;10;401;HUR
RAL1;Large dozers;D9;ED522;35961;2016;11;452;HUR
RAL1;Large dozers;D9;ED522;35961;2016;12;444;HUR
RAL1;Large dozers;D9;ED522;35961;2017;1;290;HUR
RAL1;Large dozers;D9;ED522;35961;2017;2;286;HUR
RAL1;Large dozers;D9;ED522;35961;2017;3;375;HUR
RAL1;Large dozers;D9;ED522;35961;2017;4;373;HUR
RAL1;Large dozers;D9;ED522;35961;2017;5;447;HUR
RAL1;Large dozers;D9;ED522;35961;2017;6;231;HUR
RAL1;Large dozers;D9;ED522;35961;2017;7;433;HUR
RAL1;Large dozers;D9;ED522;35961;2017;8;300;HUR
RAL1;Large dozers;D9;ED522;35961;2017;9;422;HUR
RAL1;Large dozers;D9;ED522;35961;2017;10;489;HUR
RAL1;Large dozers;D9;ED522;35961;2017;11;283;HUR
RAL1;Large dozers;D9;ED522;35961;2017;12;481;HUR
RAL1;Large dozers;D9;ED532;20400;2010;1;0;HUR
RAL1;Large dozers;D9;ED532;20400;2010;2;0;HUR
RAL1;Large dozers;D9;ED532;20400;2010;3;0;HUR
RAL1;Large dozers;D9;ED532;20400;2010;4;0;HUR
RAL1;Large dozers;D9;ED532;20400;2010;5;0;HUR
RAL1;Large dozers;D9;ED532;20400;2010;6;0;HUR
RAL1;Large dozers;D9;ED532;20400;2010;7;0;HUR
RAL1;Large dozers;D9;ED532;20400;2010;8;0;HUR
RAL1;Large dozers;D9;ED532;20400;2010;9;0;HUR
RAL1;Large dozers;D9;ED532;20400;2010;10;0;HUR
RAL1;Large dozers;D9;ED532;20400;2010;11;0;HUR
RAL1;Large dozers;D9;ED532;20400;2010;12;0;HUR
RAL1;Large dozers;D9;ED532;20400;2011;1;0;HUR
RAL1;Large dozers;D9;ED532;20400;2011;2;0;HUR
RAL1;Large dozers;D9;ED532;20400;2011;3;0;HUR
RAL1;Large dozers;D9;ED532;20400;2011;4;0;HUR
RAL1;Large dozers;D9;ED532;20400;2011;5;0;HUR
RAL1;Large dozers;D9;ED532;20400;2011;6;0;HUR
RAL1;Large dozers;D9;ED532;20400;2011;7;0;HUR
RAL1;Large dozers;D9;ED532;20400;2011;8;0;HUR
RAL1;Large dozers;D9;ED532;20400;2011;9;0;HUR
RAL1;Large dozers;D9;ED532;20400;2011;10;0;HUR
RAL1;Large dozers;D9;ED532;20400;2011;11;0;HUR
RAL1;Large dozers;D9;ED532;20400;2011;12;0;HUR
RAL1;Large dozers;D9;ED532;20400;2012;1;0;HUR
RAL1;Large dozers;D9;ED532;20400;2012;2;0;HUR
RAL1;Large dozers;D9;ED532;20400;2012;3;0;HUR
RAL1;Large dozers;D9;ED532;20400;2012;4;0;HUR
RAL1;Large dozers;D9;ED532;20400;2012;5;0;HUR
RAL1;Large dozers;D9;ED532;20400;2012;6;0;HUR
RAL1;Large dozers;D9;ED532;20400;2012;7;0;HUR
RAL1;Large dozers;D9;ED532;20400;2012;8;0;HUR
RAL1;Large dozers;D9;ED532;20400;2012;9;0;HUR
RAL1;Large dozers;D9;ED532;20400;2012;10;0;HUR
RAL1;Large dozers;D9;ED532;20400;2012;11;0;HUR
RAL1;Large dozers;D9;ED532;20400;2012;12;0;HUR
RAL1;Large dozers;D9;ED532;20400;2013;1;0;HUR
RAL1;Large dozers;D9;ED532;20400;2013;2;0;HUR
RAL1;Large dozers;D9;ED532;20400;2013;3;0;HUR
RAL1;Large dozers;D9;ED532;20400;2013;4;0;HUR
RAL1;Large dozers;D9;ED532;20400;2013;5;0;HUR
RAL1;Large dozers;D9;ED532;20400;2013;6;0;HUR
RAL1;Large dozers;D9;ED532;20400;2013;7;0;HUR
RAL1;Large dozers;D9;ED532;20400;2013;8;0;HUR
RAL1;Large dozers;D9;ED532;20400;2013;9;0;HUR
RAL1;Large dozers;D9;ED532;20400;2013;10;0;HUR
RAL1;Large dozers;D9;ED532;20400;2013;11;0;HUR
RAL1;Large dozers;D9;ED532;20400;2013;12;0;HUR
RAL1;Large dozers;D9;ED532;20400;2014;1;0;HUR
RAL1;Large dozers;D9;ED532;20400;2014;2;0;HUR
RAL1;Large dozers;D9;ED532;20400;2014;3;0;HUR
RAL1;Large dozers;D9;ED532;20400;2014;4;0;HUR
RAL1;Large dozers;D9;ED532;20400;2014;5;0;HUR
RAL1;Large dozers;D9;ED532;20400;2014;6;0;HUR
RAL1;Large dozers;D9;ED532;20400;2014;7;0;HUR
RAL1;Large dozers;D9;ED532;20400;2014;8;0;HUR
RAL1;Large dozers;D9;ED532;20400;2014;9;0;HUR
RAL1;Large dozers;D9;ED532;20400;2014;10;0;HUR
RAL1;Large dozers;D9;ED532;20400;2014;11;0;HUR
RAL1;Large dozers;D9;ED532;20400;2014;12;0;HUR
RAL1;Large dozers;D9;ED532;20400;2015;1;0;HUR
RAL1;Large dozers;D9;ED532;20400;2015;2;0;HUR
RAL1;Large dozers;D9;ED532;20400;2015;3;0;HUR
RAL1;Large dozers;D9;ED532;20400;2015;4;0;HUR
RAL1;Large dozers;D9;ED532;20400;2015;5;0;HUR
RAL1;Large dozers;D9;ED532;20400;2015;6;0;HUR
RAL1;Large dozers;D9;ED532;20400;2015;7;0;HUR
RAL1;Large dozers;D9;ED532;20400;2015;8;0;HUR
RAL1;Large dozers;D9;ED532;20400;2015;9;0;HUR
RAL1;Large dozers;D9;ED532;20400;2015;10;0;HUR
RAL1;Large dozers;D9;ED532;20400;2015;11;0;HUR
RAL1;Large dozers;D9;ED532;20400;2015;12;0;HUR
RAL1;Large dozers;D9;ED532;20400;2016;1;0;HUR
RAL1;Large dozers;D9;ED532;20400;2016;2;0;HUR
RAL1;Large dozers;D9;ED532;20400;2016;3;0;HUR
RAL1;Large dozers;D9;ED532;20400;2016;4;0;HUR
RAL1;Large dozers;D9;ED532;20400;2016;5;0;HUR
RAL1;Large dozers;D9;ED532;20400;2016;6;0;HUR
RAL1;Large dozers;D9;ED532;20400;2016;7;0;HUR
RAL1;Large dozers;D9;ED532;20400;2016;8;0;HUR
RAL1;Large dozers;D9;ED532;20400;2016;9;0;HUR
RAL1;Large dozers;D9;ED532;20400;2016;10;0;HUR
RAL1;Large dozers;D9;ED532;20400;2016;11;0;HUR
RAL1;Large dozers;D9;ED532;20400;2016;12;0;HUR
RAL1;Large dozers;D9;ED532;20400;2017;1;0;HUR
RAL1;Large dozers;D9;ED532;20400;2017;2;0;HUR
RAL1;Large dozers;D9;ED532;20400;2017;3;0;HUR
RAL1;Large dozers;D9;ED532;20400;2017;4;0;HUR
RAL1;Large dozers;D9;ED532;20400;2017;5;0;HUR
RAL1;Large dozers;D9;ED532;20400;2017;6;0;HUR
RAL1;Large dozers;D9;ED532;20400;2017;7;0;HUR
RAL1;Large dozers;D9;ED532;20400;2017;8;0;HUR
RAL1;Large dozers;D9;ED532;20400;2017;9;0;HUR
RAL1;Large dozers;D9;ED532;20400;2017;10;0;HUR
RAL1;Large dozers;D9;ED532;20400;2017;11;0;HUR
RAL1;Large dozers;D9;ED532;20400;2017;12;0;HUR
RAL1;Large dozers;D9;ED533;23238;2010;1;0;HUR
RAL1;Large dozers;D9;ED533;23238;2010;2;0;HUR
RAL1;Large dozers;D9;ED533;23238;2010;3;0;HUR
RAL1;Large dozers;D9;ED533;23238;2010;4;0;HUR
RAL1;Large dozers;D9;ED533;23238;2010;5;0;HUR
RAL1;Large dozers;D9;ED533;23238;2010;6;0;HUR
RAL1;Large dozers;D9;ED533;23238;2010;7;0;HUR
RAL1;Large dozers;D9;ED533;23238;2010;8;0;HUR
RAL1;Large dozers;D9;ED533;23238;2010;9;0;HUR
RAL1;Large dozers;D9;ED533;23238;2010;10;0;HUR
RAL1;Large dozers;D9;ED533;23238;2010;11;0;HUR
RAL1;Large dozers;D9;ED533;23238;2010;12;0;HUR
RAL1;Large dozers;D9;ED533;23238;2011;1;0;HUR
RAL1;Large dozers;D9;ED533;23238;2011;2;0;HUR
RAL1;Large dozers;D9;ED533;23238;2011;3;0;HUR
RAL1;Large dozers;D9;ED533;23238;2011;4;0;HUR
RAL1;Large dozers;D9;ED533;23238;2011;5;0;HUR
RAL1;Large dozers;D9;ED533;23238;2011;6;0;HUR
RAL1;Large dozers;D9;ED533;23238;2011;7;0;HUR
RAL1;Large dozers;D9;ED533;23238;2011;8;0;HUR
RAL1;Large dozers;D9;ED533;23238;2011;9;0;HUR
RAL1;Large dozers;D9;ED533;23238;2011;10;0;HUR
RAL1;Large dozers;D9;ED533;23238;2011;11;0;HUR
RAL1;Large dozers;D9;ED533;23238;2011;12;0;HUR
RAL1;Large dozers;D9;ED533;23238;2012;1;0;HUR
RAL1;Large dozers;D9;ED533;23238;2012;2;0;HUR
RAL1;Large dozers;D9;ED533;23238;2012;3;0;HUR
RAL1;Large dozers;D9;ED533;23238;2012;4;0;HUR
RAL1;Large dozers;D9;ED533;23238;2012;5;0;HUR
RAL1;Large dozers;D9;ED533;23238;2012;6;0;HUR
RAL1;Large dozers;D9;ED533;23238;2012;7;0;HUR
RAL1;Large dozers;D9;ED533;23238;2012;8;0;HUR
RAL1;Large dozers;D9;ED533;23238;2012;9;0;HUR
RAL1;Large dozers;D9;ED533;23238;2012;10;0;HUR
RAL1;Large dozers;D9;ED533;23238;2012;11;0;HUR
RAL1;Large dozers;D9;ED533;23238;2012;12;0;HUR
RAL1;Large dozers;D9;ED533;23238;2013;1;0;HUR
RAL1;Large dozers;D9;ED533;23238;2013;2;0;HUR
RAL1;Large dozers;D9;ED533;23238;2013;3;0;HUR
RAL1;Large dozers;D9;ED533;23238;2013;4;0;HUR
RAL1;Large dozers;D9;ED533;23238;2013;5;0;HUR
RAL1;Large dozers;D9;ED533;23238;2013;6;0;HUR
RAL1;Large dozers;D9;ED533;23238;2013;7;0;HUR
RAL1;Large dozers;D9;ED533;23238;2013;8;0;HUR
RAL1;Large dozers;D9;ED533;23238;2013;9;0;HUR
RAL1;Large dozers;D9;ED533;23238;2013;10;0;HUR
RAL1;Large dozers;D9;ED533;23238;2013;11;0;HUR
RAL1;Large dozers;D9;ED533;23238;2013;12;0;HUR
RAL1;Large dozers;D9;ED533;23238;2014;1;0;HUR
RAL1;Large dozers;D9;ED533;23238;2014;2;0;HUR
RAL1;Large dozers;D9;ED533;23238;2014;3;0;HUR
RAL1;Large dozers;D9;ED533;23238;2014;4;0;HUR
RAL1;Large dozers;D9;ED533;23238;2014;5;0;HUR
RAL1;Large dozers;D9;ED533;23238;2014;6;0;HUR
RAL1;Large dozers;D9;ED533;23238;2014;7;0;HUR
RAL1;Large dozers;D9;ED533;23238;2014;8;0;HUR
RAL1;Large dozers;D9;ED533;23238;2014;9;0;HUR
RAL1;Large dozers;D9;ED533;23238;2014;10;0;HUR
RAL1;Large dozers;D9;ED533;23238;2014;11;0;HUR
RAL1;Large dozers;D9;ED533;23238;2014;12;0;HUR
RAL1;Large dozers;D9;ED533;23238;2015;1;0;HUR
RAL1;Large dozers;D9;ED533;23238;2015;2;0;HUR
RAL1;Large dozers;D9;ED533;23238;2015;3;0;HUR
RAL1;Large dozers;D9;ED533;23238;2015;4;0;HUR
RAL1;Large dozers;D9;ED533;23238;2015;5;0;HUR
RAL1;Large dozers;D9;ED533;23238;2015;6;0;HUR
RAL1;Large dozers;D9;ED533;23238;2015;7;0;HUR
RAL1;Large dozers;D9;ED533;23238;2015;8;0;HUR
RAL1;Large dozers;D9;ED533;23238;2015;9;0;HUR
RAL1;Large dozers;D9;ED533;23238;2015;10;0;HUR
RAL1;Large dozers;D9;ED533;23238;2015;11;0;HUR
RAL1;Large dozers;D9;ED533;23238;2015;12;0;HUR
RAL1;Large dozers;D9;ED533;23238;2016;1;0;HUR
RAL1;Large dozers;D9;ED533;23238;2016;2;0;HUR
RAL1;Large dozers;D9;ED533;23238;2016;3;0;HUR
RAL1;Large dozers;D9;ED533;23238;2016;4;0;HUR
RAL1;Large dozers;D9;ED533;23238;2016;5;0;HUR
RAL1;Large dozers;D9;ED533;23238;2016;6;0;HUR
RAL1;Large dozers;D9;ED533;23238;2016;7;0;HUR
RAL1;Large dozers;D9;ED533;23238;2016;8;0;HUR
RAL1;Large dozers;D9;ED533;23238;2016;9;0;HUR
RAL1;Large dozers;D9;ED533;23238;2016;10;0;HUR
RAL1;Large dozers;D9;ED533;23238;2016;11;0;HUR
RAL1;Large dozers;D9;ED533;23238;2016;12;0;HUR
RAL1;Large dozers;D9;ED533;23238;2017;1;0;HUR
RAL1;Large dozers;D9;ED533;23238;2017;2;0;HUR
RAL1;Large dozers;D9;ED533;23238;2017;3;0;HUR
RAL1;Large dozers;D9;ED533;23238;2017;4;0;HUR
RAL1;Large dozers;D9;ED533;23238;2017;5;0;HUR
RAL1;Large dozers;D9;ED533;23238;2017;6;0;HUR
RAL1;Large dozers;D9;ED533;23238;2017;7;0;HUR
RAL1;Large dozers;D9;ED533;23238;2017;8;0;HUR
RAL1;Large dozers;D9;ED533;23238;2017;9;0;HUR
RAL1;Large dozers;D9;ED533;23238;2017;10;0;HUR
RAL1;Large dozers;D9;ED533;23238;2017;11;0;HUR
RAL1;Large dozers;D9;ED533;23238;2017;12;0;HUR
RAL1;Large dozers;D9;ED534;21308;2010;1;0;HUR
RAL1;Large dozers;D9;ED534;21308;2010;2;0;HUR
RAL1;Large dozers;D9;ED534;21308;2010;3;0;HUR
RAL1;Large dozers;D9;ED534;21308;2010;4;0;HUR
RAL1;Large dozers;D9;ED534;21308;2010;5;0;HUR
RAL1;Large dozers;D9;ED534;21308;2010;6;0;HUR
RAL1;Large dozers;D9;ED534;21308;2010;7;0;HUR
RAL1;Large dozers;D9;ED534;21308;2010;8;0;HUR
RAL1;Large dozers;D9;ED534;21308;2010;9;0;HUR
RAL1;Large dozers;D9;ED534;21308;2010;10;0;HUR
RAL1;Large dozers;D9;ED534;21308;2010;11;0;HUR
RAL1;Large dozers;D9;ED534;21308;2010;12;0;HUR
RAL1;Large dozers;D9;ED534;21308;2011;1;0;HUR
RAL1;Large dozers;D9;ED534;21308;2011;2;0;HUR
RAL1;Large dozers;D9;ED534;21308;2011;3;0;HUR
RAL1;Large dozers;D9;ED534;21308;2011;4;0;HUR
RAL1;Large dozers;D9;ED534;21308;2011;5;0;HUR
RAL1;Large dozers;D9;ED534;21308;2011;6;0;HUR
RAL1;Large dozers;D9;ED534;21308;2011;7;0;HUR
RAL1;Large dozers;D9;ED534;21308;2011;8;0;HUR
RAL1;Large dozers;D9;ED534;21308;2011;9;0;HUR
RAL1;Large dozers;D9;ED534;21308;2011;10;0;HUR
RAL1;Large dozers;D9;ED534;21308;2011;11;0;HUR
RAL1;Large dozers;D9;ED534;21308;2011;12;0;HUR
RAL1;Large dozers;D9;ED534;21308;2012;1;0;HUR
RAL1;Large dozers;D9;ED534;21308;2012;2;0;HUR
RAL1;Large dozers;D9;ED534;21308;2012;3;0;HUR
RAL1;Large dozers;D9;ED534;21308;2012;4;0;HUR
RAL1;Large dozers;D9;ED534;21308;2012;5;0;HUR
RAL1;Large dozers;D9;ED534;21308;2012;6;0;HUR
RAL1;Large dozers;D9;ED534;21308;2012;7;0;HUR
RAL1;Large dozers;D9;ED534;21308;2012;8;0;HUR
RAL1;Large dozers;D9;ED534;21308;2012;9;0;HUR
RAL1;Large dozers;D9;ED534;21308;2012;10;0;HUR
RAL1;Large dozers;D9;ED534;21308;2012;11;0;HUR
RAL1;Large dozers;D9;ED534;21308;2012;12;0;HUR
RAL1;Large dozers;D9;ED534;21308;2013;1;0;HUR
RAL1;Large dozers;D9;ED534;21308;2013;2;0;HUR
RAL1;Large dozers;D9;ED534;21308;2013;3;0;HUR
RAL1;Large dozers;D9;ED534;21308;2013;4;0;HUR
RAL1;Large dozers;D9;ED534;21308;2013;5;0;HUR
RAL1;Large dozers;D9;ED534;21308;2013;6;0;HUR
RAL1;Large dozers;D9;ED534;21308;2013;7;0;HUR
RAL1;Large dozers;D9;ED534;21308;2013;8;0;HUR
RAL1;Large dozers;D9;ED534;21308;2013;9;0;HUR
RAL1;Large dozers;D9;ED534;21308;2013;10;0;HUR
RAL1;Large dozers;D9;ED534;21308;2013;11;0;HUR
RAL1;Large dozers;D9;ED534;21308;2013;12;0;HUR
RAL1;Large dozers;D9;ED534;21308;2014;1;0;HUR
RAL1;Large dozers;D9;ED534;21308;2014;2;0;HUR
RAL1;Large dozers;D9;ED534;21308;2014;3;0;HUR
RAL1;Large dozers;D9;ED534;21308;2014;4;0;HUR
RAL1;Large dozers;D9;ED534;21308;2014;5;0;HUR
RAL1;Large dozers;D9;ED534;21308;2014;6;0;HUR
RAL1;Large dozers;D9;ED534;21308;2014;7;0;HUR
RAL1;Large dozers;D9;ED534;21308;2014;8;0;HUR
RAL1;Large dozers;D9;ED534;21308;2014;9;0;HUR
RAL1;Large dozers;D9;ED534;21308;2014;10;0;HUR
RAL1;Large dozers;D9;ED534;21308;2014;11;0;HUR
RAL1;Large dozers;D9;ED534;21308;2014;12;0;HUR
RAL1;Large dozers;D9;ED534;21308;2015;1;0;HUR
RAL1;Large dozers;D9;ED534;21308;2015;2;0;HUR
RAL1;Large dozers;D9;ED534;21308;2015;3;0;HUR
RAL1;Large dozers;D9;ED534;21308;2015;4;0;HUR
RAL1;Large dozers;D9;ED534;21308;2015;5;0;HUR
RAL1;Large dozers;D9;ED534;21308;2015;6;0;HUR
RAL1;Large dozers;D9;ED534;21308;2015;7;0;HUR
RAL1;Large dozers;D9;ED534;21308;2015;8;0;HUR
RAL1;Large dozers;D9;ED534;21308;2015;9;0;HUR
RAL1;Large dozers;D9;ED534;21308;2015;10;0;HUR
RAL1;Large dozers;D9;ED534;21308;2015;11;0;HUR
RAL1;Large dozers;D9;ED534;21308;2015;12;0;HUR
RAL1;Large dozers;D9;ED534;21308;2016;1;0;HUR
RAL1;Large dozers;D9;ED534;21308;2016;2;0;HUR
RAL1;Large dozers;D9;ED534;21308;2016;3;0;HUR
RAL1;Large dozers;D9;ED534;21308;2016;4;0;HUR
RAL1;Large dozers;D9;ED534;21308;2016;5;0;HUR
RAL1;Large dozers;D9;ED534;21308;2016;6;0;HUR
RAL1;Large dozers;D9;ED534;21308;2016;7;0;HUR
RAL1;Large dozers;D9;ED534;21308;2016;8;0;HUR
RAL1;Large dozers;D9;ED534;21308;2016;9;0;HUR
RAL1;Large dozers;D9;ED534;21308;2016;10;0;HUR
RAL1;Large dozers;D9;ED534;21308;2016;11;0;HUR
RAL1;Large dozers;D9;ED534;21308;2016;12;0;HUR
RAL1;Large dozers;D9;ED534;21308;2017;1;0;HUR
RAL1;Large dozers;D9;ED534;21308;2017;2;0;HUR
RAL1;Large dozers;D9;ED534;21308;2017;3;0;HUR
RAL1;Large dozers;D9;ED534;21308;2017;4;0;HUR
RAL1;Large dozers;D9;ED534;21308;2017;5;0;HUR
RAL1;Large dozers;D9;ED534;21308;2017;6;0;HUR
RAL1;Large dozers;D9;ED534;21308;2017;7;0;HUR
RAL1;Large dozers;D9;ED534;21308;2017;8;0;HUR
RAL1;Large dozers;D9;ED534;21308;2017;9;0;HUR
RAL1;Large dozers;D9;ED534;21308;2017;10;0;HUR
RAL1;Large dozers;D9;ED534;21308;2017;11;0;HUR
RAL1;Large dozers;D9;ED534;21308;2017;12;0;HUR
RAL1;Large dozers;D9;ED535;21891;2010;1;0;HUR
RAL1;Large dozers;D9;ED535;21891;2010;2;0;HUR
RAL1;Large dozers;D9;ED535;21891;2010;3;0;HUR
RAL1;Large dozers;D9;ED535;21891;2010;4;0;HUR
RAL1;Large dozers;D9;ED535;21891;2010;5;0;HUR
RAL1;Large dozers;D9;ED535;21891;2010;6;0;HUR
RAL1;Large dozers;D9;ED535;21891;2010;7;0;HUR
RAL1;Large dozers;D9;ED535;21891;2010;8;0;HUR
RAL1;Large dozers;D9;ED535;21891;2010;9;0;HUR
RAL1;Large dozers;D9;ED535;21891;2010;10;0;HUR
RAL1;Large dozers;D9;ED535;21891;2010;11;0;HUR
RAL1;Large dozers;D9;ED535;21891;2010;12;0;HUR
RAL1;Large dozers;D9;ED535;21891;2011;1;0;HUR
RAL1;Large dozers;D9;ED535;21891;2011;2;0;HUR
RAL1;Large dozers;D9;ED535;21891;2011;3;0;HUR
RAL1;Large dozers;D9;ED535;21891;2011;4;0;HUR
RAL1;Large dozers;D9;ED535;21891;2011;5;0;HUR
RAL1;Large dozers;D9;ED535;21891;2011;6;0;HUR
RAL1;Large dozers;D9;ED535;21891;2011;7;0;HUR
RAL1;Large dozers;D9;ED535;21891;2011;8;0;HUR
RAL1;Large dozers;D9;ED535;21891;2011;9;0;HUR
RAL1;Large dozers;D9;ED535;21891;2011;10;0;HUR
RAL1;Large dozers;D9;ED535;21891;2011;11;0;HUR
RAL1;Large dozers;D9;ED535;21891;2011;12;0;HUR
RAL1;Large dozers;D9;ED535;21891;2012;1;0;HUR
RAL1;Large dozers;D9;ED535;21891;2012;2;0;HUR
RAL1;Large dozers;D9;ED535;21891;2012;3;0;HUR
RAL1;Large dozers;D9;ED535;21891;2012;4;0;HUR
RAL1;Large dozers;D9;ED535;21891;2012;5;0;HUR
RAL1;Large dozers;D9;ED535;21891;2012;6;0;HUR
RAL1;Large dozers;D9;ED535;21891;2012;7;0;HUR
RAL1;Large dozers;D9;ED535;21891;2012;8;0;HUR
RAL1;Large dozers;D9;ED535;21891;2012;9;0;HUR
RAL1;Large dozers;D9;ED535;21891;2012;10;0;HUR
RAL1;Large dozers;D9;ED535;21891;2012;11;0;HUR
RAL1;Large dozers;D9;ED535;21891;2012;12;0;HUR
RAL1;Large dozers;D9;ED535;21891;2013;1;0;HUR
RAL1;Large dozers;D9;ED535;21891;2013;2;0;HUR
RAL1;Large dozers;D9;ED535;21891;2013;3;0;HUR
RAL1;Large dozers;D9;ED535;21891;2013;4;0;HUR
RAL1;Large dozers;D9;ED535;21891;2013;5;0;HUR
RAL1;Large dozers;D9;ED535;21891;2013;6;0;HUR
RAL1;Large dozers;D9;ED535;21891;2013;7;0;HUR
RAL1;Large dozers;D9;ED535;21891;2013;8;0;HUR
RAL1;Large dozers;D9;ED535;21891;2013;9;0;HUR
RAL1;Large dozers;D9;ED535;21891;2013;10;0;HUR
RAL1;Large dozers;D9;ED535;21891;2013;11;0;HUR
RAL1;Large dozers;D9;ED535;21891;2013;12;0;HUR
RAL1;Large dozers;D9;ED535;21891;2014;1;0;HUR
RAL1;Large dozers;D9;ED535;21891;2014;2;0;HUR
RAL1;Large dozers;D9;ED535;21891;2014;3;0;HUR
RAL1;Large dozers;D9;ED535;21891;2014;4;0;HUR
RAL1;Large dozers;D9;ED535;21891;2014;5;0;HUR
RAL1;Large dozers;D9;ED535;21891;2014;6;0;HUR
RAL1;Large dozers;D9;ED535;21891;2014;7;0;HUR
RAL1;Large dozers;D9;ED535;21891;2014;8;0;HUR
RAL1;Large dozers;D9;ED535;21891;2014;9;0;HUR
RAL1;Large dozers;D9;ED535;21891;2014;10;0;HUR
RAL1;Large dozers;D9;ED535;21891;2014;11;0;HUR
RAL1;Large dozers;D9;ED535;21891;2014;12;0;HUR
RAL1;Large dozers;D9;ED535;21891;2015;1;0;HUR
RAL1;Large dozers;D9;ED535;21891;2015;2;0;HUR
RAL1;Large dozers;D9;ED535;21891;2015;3;0;HUR
RAL1;Large dozers;D9;ED535;21891;2015;4;0;HUR
RAL1;Large dozers;D9;ED535;21891;2015;5;0;HUR
RAL1;Large dozers;D9;ED535;21891;2015;6;0;HUR
RAL1;Large dozers;D9;ED535;21891;2015;7;0;HUR
RAL1;Large dozers;D9;ED535;21891;2015;8;0;HUR
RAL1;Large dozers;D9;ED535;21891;2015;9;0;HUR
RAL1;Large dozers;D9;ED535;21891;2015;10;0;HUR
RAL1;Large dozers;D9;ED535;21891;2015;11;0;HUR
RAL1;Large dozers;D9;ED535;21891;2015;12;0;HUR
RAL1;Large dozers;D9;ED535;21891;2016;1;0;HUR
RAL1;Large dozers;D9;ED535;21891;2016;2;0;HUR
RAL1;Large dozers;D9;ED535;21891;2016;3;0;HUR
RAL1;Large dozers;D9;ED535;21891;2016;4;0;HUR
RAL1;Large dozers;D9;ED535;21891;2016;5;0;HUR
RAL1;Large dozers;D9;ED535;21891;2016;6;0;HUR
RAL1;Large dozers;D9;ED535;21891;2016;7;0;HUR
RAL1;Large dozers;D9;ED535;21891;2016;8;0;HUR
RAL1;Large dozers;D9;ED535;21891;2016;9;0;HUR
RAL1;Large dozers;D9;ED535;21891;2016;10;0;HUR
RAL1;Large dozers;D9;ED535;21891;2016;11;0;HUR
RAL1;Large dozers;D9;ED535;21891;2016;12;0;HUR
RAL1;Large dozers;D9;ED535;21891;2017;1;0;HUR
RAL1;Large dozers;D9;ED535;21891;2017;2;0;HUR
RAL1;Large dozers;D9;ED535;21891;2017;3;0;HUR
RAL1;Large dozers;D9;ED535;21891;2017;4;0;HUR
RAL1;Large dozers;D9;ED535;21891;2017;5;0;HUR
RAL1;Large dozers;D9;ED535;21891;2017;6;0;HUR
RAL1;Large dozers;D9;ED535;21891;2017;7;0;HUR
RAL1;Large dozers;D9;ED535;21891;2017;8;0;HUR
RAL1;Large dozers;D9;ED535;21891;2017;9;0;HUR
RAL1;Large dozers;D9;ED535;21891;2017;10;0;HUR
RAL1;Large dozers;D9;ED535;21891;2017;11;0;HUR
RAL1;Large dozers;D9;ED535;21891;2017;12;0;HUR
RAL1;Large dozers;D9;ED536;21364;2010;1;0;HUR
RAL1;Large dozers;D9;ED536;21364;2010;2;0;HUR
RAL1;Large dozers;D9;ED536;21364;2010;3;0;HUR
RAL1;Large dozers;D9;ED536;21364;2010;4;0;HUR
RAL1;Large dozers;D9;ED536;21364;2010;5;0;HUR
RAL1;Large dozers;D9;ED536;21364;2010;6;0;HUR
RAL1;Large dozers;D9;ED536;21364;2010;7;0;HUR
RAL1;Large dozers;D9;ED536;21364;2010;8;0;HUR
RAL1;Large dozers;D9;ED536;21364;2010;9;0;HUR
RAL1;Large dozers;D9;ED536;21364;2010;10;0;HUR
RAL1;Large dozers;D9;ED536;21364;2010;11;0;HUR
RAL1;Large dozers;D9;ED536;21364;2010;12;0;HUR
RAL1;Large dozers;D9;ED536;21364;2011;1;0;HUR
RAL1;Large dozers;D9;ED536;21364;2011;2;0;HUR
RAL1;Large dozers;D9;ED536;21364;2011;3;0;HUR
RAL1;Large dozers;D9;ED536;21364;2011;4;0;HUR
RAL1;Large dozers;D9;ED536;21364;2011;5;0;HUR
RAL1;Large dozers;D9;ED536;21364;2011;6;0;HUR
RAL1;Large dozers;D9;ED536;21364;2011;7;0;HUR
RAL1;Large dozers;D9;ED536;21364;2011;8;0;HUR
RAL1;Large dozers;D9;ED536;21364;2011;9;0;HUR
RAL1;Large dozers;D9;ED536;21364;2011;10;0;HUR
RAL1;Large dozers;D9;ED536;21364;2011;11;0;HUR
RAL1;Large dozers;D9;ED536;21364;2011;12;0;HUR
RAL1;Large dozers;D9;ED536;21364;2012;1;0;HUR
RAL1;Large dozers;D9;ED536;21364;2012;2;0;HUR
RAL1;Large dozers;D9;ED536;21364;2012;3;0;HUR
RAL1;Large dozers;D9;ED536;21364;2012;4;0;HUR
RAL1;Large dozers;D9;ED536;21364;2012;5;0;HUR
RAL1;Large dozers;D9;ED536;21364;2012;6;0;HUR
RAL1;Large dozers;D9;ED536;21364;2012;7;0;HUR
RAL1;Large dozers;D9;ED536;21364;2012;8;0;HUR
RAL1;Large dozers;D9;ED536;21364;2012;9;0;HUR
RAL1;Large dozers;D9;ED536;21364;2012;10;0;HUR
RAL1;Large dozers;D9;ED536;21364;2012;11;0;HUR
RAL1;Large dozers;D9;ED536;21364;2012;12;0;HUR
RAL1;Large dozers;D9;ED536;21364;2013;1;0;HUR
RAL1;Large dozers;D9;ED536;21364;2013;2;0;HUR
RAL1;Large dozers;D9;ED536;21364;2013;3;0;HUR
RAL1;Large dozers;D9;ED536;21364;2013;4;0;HUR
RAL1;Large dozers;D9;ED536;21364;2013;5;0;HUR
RAL1;Large dozers;D9;ED536;21364;2013;6;0;HUR
RAL1;Large dozers;D9;ED536;21364;2013;7;0;HUR
RAL1;Large dozers;D9;ED536;21364;2013;8;0;HUR
RAL1;Large dozers;D9;ED536;21364;2013;9;0;HUR
RAL1;Large dozers;D9;ED536;21364;2013;10;0;HUR
RAL1;Large dozers;D9;ED536;21364;2013;11;0;HUR
RAL1;Large dozers;D9;ED536;21364;2013;12;0;HUR
RAL1;Large dozers;D9;ED536;21364;2014;1;0;HUR
RAL1;Large dozers;D9;ED536;21364;2014;2;0;HUR
RAL1;Large dozers;D9;ED536;21364;2014;3;0;HUR
RAL1;Large dozers;D9;ED536;21364;2014;4;0;HUR
RAL1;Large dozers;D9;ED536;21364;2014;5;0;HUR
RAL1;Large dozers;D9;ED536;21364;2014;6;0;HUR
RAL1;Large dozers;D9;ED536;21364;2014;7;0;HUR
RAL1;Large dozers;D9;ED536;21364;2014;8;0;HUR
RAL1;Large dozers;D9;ED536;21364;2014;9;0;HUR
RAL1;Large dozers;D9;ED536;21364;2014;10;0;HUR
RAL1;Large dozers;D9;ED536;21364;2014;11;0;HUR
RAL1;Large dozers;D9;ED536;21364;2014;12;0;HUR
RAL1;Large dozers;D9;ED536;21364;2015;1;0;HUR
RAL1;Large dozers;D9;ED536;21364;2015;2;0;HUR
RAL1;Large dozers;D9;ED536;21364;2015;3;0;HUR
RAL1;Large dozers;D9;ED536;21364;2015;4;0;HUR
RAL1;Large dozers;D9;ED536;21364;2015;5;0;HUR
RAL1;Large dozers;D9;ED536;21364;2015;6;0;HUR
RAL1;Large dozers;D9;ED536;21364;2015;7;0;HUR
RAL1;Large dozers;D9;ED536;21364;2015;8;0;HUR
RAL1;Large dozers;D9;ED536;21364;2015;9;0;HUR
RAL1;Large dozers;D9;ED536;21364;2015;10;0;HUR
RAL1;Large dozers;D9;ED536;21364;2015;11;0;HUR
RAL1;Large dozers;D9;ED536;21364;2015;12;0;HUR
RAL1;Large dozers;D9;ED536;21364;2016;1;0;HUR
RAL1;Large dozers;D9;ED536;21364;2016;2;0;HUR
RAL1;Large dozers;D9;ED536;21364;2016;3;0;HUR
RAL1;Large dozers;D9;ED536;21364;2016;4;0;HUR
RAL1;Large dozers;D9;ED536;21364;2016;5;0;HUR
RAL1;Large dozers;D9;ED536;21364;2016;6;0;HUR
RAL1;Large dozers;D9;ED536;21364;2016;7;0;HUR
RAL1;Large dozers;D9;ED536;21364;2016;8;0;HUR
RAL1;Large dozers;D9;ED536;21364;2016;9;0;HUR
RAL1;Large dozers;D9;ED536;21364;2016;10;0;HUR
RAL1;Large dozers;D9;ED536;21364;2016;11;0;HUR
RAL1;Large dozers;D9;ED536;21364;2016;12;0;HUR
RAL1;Large dozers;D9;ED536;21364;2017;1;0;HUR
RAL1;Large dozers;D9;ED536;21364;2017;2;0;HUR
RAL1;Large dozers;D9;ED536;21364;2017;3;0;HUR
RAL1;Large dozers;D9;ED536;21364;2017;4;0;HUR
RAL1;Large dozers;D9;ED536;21364;2017;5;0;HUR
RAL1;Large dozers;D9;ED536;21364;2017;6;0;HUR
RAL1;Large dozers;D9;ED536;21364;2017;7;0;HUR
RAL1;Large dozers;D9;ED536;21364;2017;8;0;HUR
RAL1;Large dozers;D9;ED536;21364;2017;9;0;HUR
RAL1;Large dozers;D9;ED536;21364;2017;10;0;HUR
RAL1;Large dozers;D9;ED536;21364;2017;11;0;HUR
RAL1;Large dozers;D9;ED536;21364;2017;12;0;HUR
RAL1;Large dozers;D9;ED537;19416;2010;1;0;HUR
RAL1;Large dozers;D9;ED537;19416;2010;2;0;HUR
RAL1;Large dozers;D9;ED537;19416;2010;3;0;HUR
RAL1;Large dozers;D9;ED537;19416;2010;4;0;HUR
RAL1;Large dozers;D9;ED537;19416;2010;5;0;HUR
RAL1;Large dozers;D9;ED537;19416;2010;6;0;HUR
RAL1;Large dozers;D9;ED537;19416;2010;7;0;HUR
RAL1;Large dozers;D9;ED537;19416;2010;8;0;HUR
RAL1;Large dozers;D9;ED537;19416;2010;9;0;HUR
RAL1;Large dozers;D9;ED537;19416;2010;10;0;HUR
RAL1;Large dozers;D9;ED537;19416;2010;11;0;HUR
RAL1;Large dozers;D9;ED537;19416;2010;12;0;HUR
RAL1;Large dozers;D9;ED537;19416;2011;1;0;HUR
RAL1;Large dozers;D9;ED537;19416;2011;2;0;HUR
RAL1;Large dozers;D9;ED537;19416;2011;3;0;HUR
RAL1;Large dozers;D9;ED537;19416;2011;4;0;HUR
RAL1;Large dozers;D9;ED537;19416;2011;5;0;HUR
RAL1;Large dozers;D9;ED537;19416;2011;6;0;HUR
RAL1;Large dozers;D9;ED537;19416;2011;7;0;HUR
RAL1;Large dozers;D9;ED537;19416;2011;8;0;HUR
RAL1;Large dozers;D9;ED537;19416;2011;9;0;HUR
RAL1;Large dozers;D9;ED537;19416;2011;10;0;HUR
RAL1;Large dozers;D9;ED537;19416;2011;11;0;HUR
RAL1;Large dozers;D9;ED537;19416;2011;12;0;HUR
RAL1;Large dozers;D9;ED537;19416;2012;1;0;HUR
RAL1;Large dozers;D9;ED537;19416;2012;2;0;HUR
RAL1;Large dozers;D9;ED537;19416;2012;3;0;HUR
RAL1;Large dozers;D9;ED537;19416;2012;4;0;HUR
RAL1;Large dozers;D9;ED537;19416;2012;5;0;HUR
RAL1;Large dozers;D9;ED537;19416;2012;6;0;HUR
RAL1;Large dozers;D9;ED537;19416;2012;7;0;HUR
RAL1;Large dozers;D9;ED537;19416;2012;8;0;HUR
RAL1;Large dozers;D9;ED537;19416;2012;9;0;HUR
RAL1;Large dozers;D9;ED537;19416;2012;10;0;HUR
RAL1;Large dozers;D9;ED537;19416;2012;11;0;HUR
RAL1;Large dozers;D9;ED537;19416;2012;12;0;HUR
RAL1;Large dozers;D9;ED537;19416;2013;1;0;HUR
RAL1;Large dozers;D9;ED537;19416;2013;2;0;HUR
RAL1;Large dozers;D9;ED537;19416;2013;3;0;HUR
RAL1;Large dozers;D9;ED537;19416;2013;4;0;HUR
RAL1;Large dozers;D9;ED537;19416;2013;5;0;HUR
RAL1;Large dozers;D9;ED537;19416;2013;6;0;HUR
RAL1;Large dozers;D9;ED537;19416;2013;7;0;HUR
RAL1;Large dozers;D9;ED537;19416;2013;8;0;HUR
RAL1;Large dozers;D9;ED537;19416;2013;9;0;HUR
RAL1;Large dozers;D9;ED537;19416;2013;10;0;HUR
RAL1;Large dozers;D9;ED537;19416;2013;11;0;HUR
RAL1;Large dozers;D9;ED537;19416;2013;12;0;HUR
RAL1;Large dozers;D9;ED537;19416;2014;1;0;HUR
RAL1;Large dozers;D9;ED537;19416;2014;2;0;HUR
RAL1;Large dozers;D9;ED537;19416;2014;3;0;HUR
RAL1;Large dozers;D9;ED537;19416;2014;4;0;HUR
RAL1;Large dozers;D9;ED537;19416;2014;5;0;HUR
RAL1;Large dozers;D9;ED537;19416;2014;6;0;HUR
RAL1;Large dozers;D9;ED537;19416;2014;7;0;HUR
RAL1;Large dozers;D9;ED537;19416;2014;8;0;HUR
RAL1;Large dozers;D9;ED537;19416;2014;9;0;HUR
RAL1;Large dozers;D9;ED537;19416;2014;10;0;HUR
RAL1;Large dozers;D9;ED537;19416;2014;11;0;HUR
RAL1;Large dozers;D9;ED537;19416;2014;12;0;HUR
RAL1;Large dozers;D9;ED537;19416;2015;1;0;HUR
RAL1;Large dozers;D9;ED537;19416;2015;2;0;HUR
RAL1;Large dozers;D9;ED537;19416;2015;3;0;HUR
RAL1;Large dozers;D9;ED537;19416;2015;4;0;HUR
RAL1;Large dozers;D9;ED537;19416;2015;5;0;HUR
RAL1;Large dozers;D9;ED537;19416;2015;6;0;HUR
RAL1;Large dozers;D9;ED537;19416;2015;7;0;HUR
RAL1;Large dozers;D9;ED537;19416;2015;8;0;HUR
RAL1;Large dozers;D9;ED537;19416;2015;9;0;HUR
RAL1;Large dozers;D9;ED537;19416;2015;10;0;HUR
RAL1;Large dozers;D9;ED537;19416;2015;11;0;HUR
RAL1;Large dozers;D9;ED537;19416;2015;12;0;HUR
RAL1;Large dozers;D9;ED537;19416;2016;1;0;HUR
RAL1;Large dozers;D9;ED537;19416;2016;2;0;HUR
RAL1;Large dozers;D9;ED537;19416;2016;3;0;HUR
RAL1;Large dozers;D9;ED537;19416;2016;4;0;HUR
RAL1;Large dozers;D9;ED537;19416;2016;5;0;HUR
RAL1;Large dozers;D9;ED537;19416;2016;6;0;HUR
RAL1;Large dozers;D9;ED537;19416;2016;7;0;HUR
RAL1;Large dozers;D9;ED537;19416;2016;8;0;HUR
RAL1;Large dozers;D9;ED537;19416;2016;9;0;HUR
RAL1;Large dozers;D9;ED537;19416;2016;10;0;HUR
RAL1;Large dozers;D9;ED537;19416;2016;11;0;HUR
RAL1;Large dozers;D9;ED537;19416;2016;12;0;HUR
RAL1;Large dozers;D9;ED537;19416;2017;1;0;HUR
RAL1;Large dozers;D9;ED537;19416;2017;2;0;HUR
RAL1;Large dozers;D9;ED537;19416;2017;3;0;HUR
RAL1;Large dozers;D9;ED537;19416;2017;4;0;HUR
RAL1;Large dozers;D9;ED537;19416;2017;5;0;HUR
RAL1;Large dozers;D9;ED537;19416;2017;6;0;HUR
RAL1;Large dozers;D9;ED537;19416;2017;7;0;HUR
RAL1;Large dozers;D9;ED537;19416;2017;8;0;HUR
RAL1;Large dozers;D9;ED537;19416;2017;9;0;HUR
RAL1;Large dozers;D9;ED537;19416;2017;10;0;HUR
RAL1;Large dozers;D9;ED537;19416;2017;11;0;HUR
RAL1;Large dozers;D9;ED537;19416;2017;12;0;HUR
RAL1;Large dozers;834H;HD500;38866;2010;1;0;HUR
RAL1;Large dozers;834H;HD500;38866;2010;2;0;HUR
RAL1;Large dozers;834H;HD500;38866;2010;3;34;HUR
RAL1;Large dozers;834H;HD500;38866;2010;4;194;HUR
RAL1;Large dozers;834H;HD500;38866;2010;5;399;HUR
RAL1;Large dozers;834H;HD500;38866;2010;6;373;HUR
RAL1;Large dozers;834H;HD500;38866;2010;7;426;HUR
RAL1;Large dozers;834H;HD500;38866;2010;8;466;HUR
RAL1;Large dozers;834H;HD500;38866;2010;9;423;HUR
RAL1;Large dozers;834H;HD500;38866;2010;10;403;HUR
RAL1;Large dozers;834H;HD500;38866;2010;11;224;HUR
RAL1;Large dozers;834H;HD500;38866;2010;12;319;HUR
RAL1;Large dozers;834H;HD500;38866;2011;1;269;HUR
RAL1;Large dozers;834H;HD500;38866;2011;2;597;HUR
RAL1;Large dozers;834H;HD500;38866;2011;3;586;HUR
RAL1;Large dozers;834H;HD500;38866;2011;4;654;HUR
RAL1;Large dozers;834H;HD500;38866;2011;5;375;HUR
RAL1;Large dozers;834H;HD500;38866;2011;6;145;HUR
RAL1;Large dozers;834H;HD500;38866;2011;7;609;HUR
RAL1;Large dozers;834H;HD500;38866;2011;8;508;HUR
RAL1;Large dozers;834H;HD500;38866;2011;9;445;HUR
RAL1;Large dozers;834H;HD500;38866;2011;10;533;HUR
RAL1;Large dozers;834H;HD500;38866;2011;11;578;HUR
RAL1;Large dozers;834H;HD500;38866;2011;12;466;HUR
RAL1;Large dozers;834H;HD500;38866;2012;1;511;HUR
RAL1;Large dozers;834H;HD500;38866;2012;2;342;HUR
RAL1;Large dozers;834H;HD500;38866;2012;3;270;HUR
RAL1;Large dozers;834H;HD500;38866;2012;4;363;HUR
RAL1;Large dozers;834H;HD500;38866;2012;5;564;HUR
RAL1;Large dozers;834H;HD500;38866;2012;6;501;HUR
RAL1;Large dozers;834H;HD500;38866;2012;7;499;HUR
RAL1;Large dozers;834H;HD500;38866;2012;8;369;HUR
RAL1;Large dozers;834H;HD500;38866;2012;9;176;HUR
RAL1;Large dozers;834H;HD500;38866;2012;10;0;HUR
RAL1;Large dozers;834H;HD500;38866;2012;11;106;HUR
RAL1;Large dozers;834H;HD500;38866;2012;12;41;HUR
RAL1;Large dozers;834H;HD500;38866;2013;1;0;HUR
RAL1;Large dozers;834H;HD500;38866;2013;2;131;HUR
RAL1;Large dozers;834H;HD500;38866;2013;3;655;HUR
RAL1;Large dozers;834H;HD500;38866;2013;4;519;HUR
RAL1;Large dozers;834H;HD500;38866;2013;5;195;HUR
RAL1;Large dozers;834H;HD500;38866;2013;6;535;HUR
RAL1;Large dozers;834H;HD500;38866;2013;7;485;HUR
RAL1;Large dozers;834H;HD500;38866;2013;8;377;HUR
RAL1;Large dozers;834H;HD500;38866;2013;9;401;HUR
RAL1;Large dozers;834H;HD500;38866;2013;10;464;HUR
RAL1;Large dozers;834H;HD500;38866;2013;11;407;HUR
RAL1;Large dozers;834H;HD500;38866;2013;12;454;HUR
RAL1;Large dozers;834H;HD500;38866;2014;1;317;HUR
RAL1;Large dozers;834H;HD500;38866;2014;2;355;HUR
RAL1;Large dozers;834H;HD500;38866;2014;3;270;HUR
RAL1;Large dozers;834H;HD500;38866;2014;4;0;HUR
RAL1;Large dozers;834H;HD500;38866;2014;5;0;HUR
RAL1;Large dozers;834H;HD500;38866;2014;6;0;HUR
RAL1;Large dozers;834H;HD500;38866;2014;7;113;HUR
RAL1;Large dozers;834H;HD500;38866;2014;8;228;HUR
RAL1;Large dozers;834H;HD500;38866;2014;9;81;HUR
RAL1;Large dozers;834H;HD500;38866;2014;10;234;HUR
RAL1;Large dozers;834H;HD500;38866;2014;11;230;HUR
RAL1;Large dozers;834H;HD500;38866;2014;12;422;HUR
RAL1;Large dozers;834H;HD500;38866;2015;1;358;HUR
RAL1;Large dozers;834H;HD500;38866;2015;2;55;HUR
RAL1;Large dozers;834H;HD500;38866;2015;3;0;HUR
RAL1;Large dozers;834H;HD500;38866;2015;4;0;HUR
RAL1;Large dozers;834H;HD500;38866;2015;5;0;HUR
RAL1;Large dozers;834H;HD500;38866;2015;6;22;HUR
RAL1;Large dozers;834H;HD500;38866;2015;7;15;HUR
RAL1;Large dozers;834H;HD500;38866;2015;8;224;HUR
RAL1;Large dozers;834H;HD500;38866;2015;9;609;HUR
RAL1;Large dozers;834H;HD500;38866;2015;10;576;HUR
RAL1;Large dozers;834H;HD500;38866;2015;11;580;HUR
RAL1;Large dozers;834H;HD500;38866;2015;12;603;HUR
RAL1;Large dozers;834H;HD500;38866;2016;1;497;HUR
RAL1;Large dozers;834H;HD500;38866;2016;2;334;HUR
RAL1;Large dozers;834H;HD500;38866;2016;3;589;HUR
RAL1;Large dozers;834H;HD500;38866;2016;4;530;HUR
RAL1;Large dozers;834H;HD500;38866;2016;5;368;HUR
RAL1;Large dozers;834H;HD500;38866;2016;6;470;HUR
RAL1;Large dozers;834H;HD500;38866;2016;7;199;HUR
RAL1;Large dozers;834H;HD500;38866;2016;8;303;HUR
RAL1;Large dozers;834H;HD500;38866;2016;9;560;HUR
RAL1;Large dozers;834H;HD500;38866;2016;10;600;HUR
RAL1;Large dozers;834H;HD500;38866;2016;11;562;HUR
RAL1;Large dozers;834H;HD500;38866;2016;12;527;HUR
RAL1;Large dozers;834H;HD500;38866;2017;1;251;HUR
RAL1;Large dozers;834H;HD500;38866;2017;2;0;HUR
RAL1;Large dozers;834H;HD500;38866;2017;3;523;HUR
RAL1;Large dozers;834H;HD500;38866;2017;4;560;HUR
RAL1;Large dozers;834H;HD500;38866;2017;5;544;HUR
RAL1;Large dozers;834H;HD500;38866;2017;6;507;HUR
RAL1;Large dozers;834H;HD500;38866;2017;7;554;HUR
RAL1;Large dozers;834H;HD500;38866;2017;8;379;HUR
RAL1;Large dozers;834H;HD500;38866;2017;9;450;HUR
RAL1;Large dozers;834H;HD500;38866;2017;10;497;HUR
RAL1;Large dozers;834H;HD500;38866;2017;11;277;HUR
RAL1;Large dozers;834H;HD500;38866;2017;12;0;HUR
RAL1;Large dozers;834H;HD501;35982;2010;1;0;HUR
RAL1;Large dozers;834H;HD501;35982;2010;2;0;HUR
RAL1;Large dozers;834H;HD501;35982;2010;3;30;HUR
RAL1;Large dozers;834H;HD501;35982;2010;4;220;HUR
RAL1;Large dozers;834H;HD501;35982;2010;5;387;HUR
RAL1;Large dozers;834H;HD501;35982;2010;6;351;HUR
RAL1;Large dozers;834H;HD501;35982;2010;7;267;HUR
RAL1;Large dozers;834H;HD501;35982;2010;8;432;HUR
RAL1;Large dozers;834H;HD501;35982;2010;9;503;HUR
RAL1;Large dozers;834H;HD501;35982;2010;10;396;HUR
RAL1;Large dozers;834H;HD501;35982;2010;11;507;HUR
RAL1;Large dozers;834H;HD501;35982;2010;12;506;HUR
RAL1;Large dozers;834H;HD501;35982;2011;1;307;HUR
RAL1;Large dozers;834H;HD501;35982;2011;2;596;HUR
RAL1;Large dozers;834H;HD501;35982;2011;3;657;HUR
RAL1;Large dozers;834H;HD501;35982;2011;4;564;HUR
RAL1;Large dozers;834H;HD501;35982;2011;5;366;HUR
RAL1;Large dozers;834H;HD501;35982;2011;6;375;HUR
RAL1;Large dozers;834H;HD501;35982;2011;7;560;HUR
RAL1;Large dozers;834H;HD501;35982;2011;8;543;HUR
RAL1;Large dozers;834H;HD501;35982;2011;9;415;HUR
RAL1;Large dozers;834H;HD501;35982;2011;10;48;HUR
RAL1;Large dozers;834H;HD501;35982;2011;11;84;HUR
RAL1;Large dozers;834H;HD501;35982;2011;12;544;HUR
RAL1;Large dozers;834H;HD501;35982;2012;1;405;HUR
RAL1;Large dozers;834H;HD501;35982;2012;2;238;HUR
RAL1;Large dozers;834H;HD501;35982;2012;3;344;HUR
RAL1;Large dozers;834H;HD501;35982;2012;4;580;HUR
RAL1;Large dozers;834H;HD501;35982;2012;5;555;HUR
RAL1;Large dozers;834H;HD501;35982;2012;6;587;HUR
RAL1;Large dozers;834H;HD501;35982;2012;7;451;HUR
RAL1;Large dozers;834H;HD501;35982;2012;8;432;HUR
RAL1;Large dozers;834H;HD501;35982;2012;9;526;HUR
RAL1;Large dozers;834H;HD501;35982;2012;10;524;HUR
RAL1;Large dozers;834H;HD501;35982;2012;11;575;HUR
RAL1;Large dozers;834H;HD501;35982;2012;12;669;HUR
RAL1;Large dozers;834H;HD501;35982;2013;1;692;HUR
RAL1;Large dozers;834H;HD501;35982;2013;2;616;HUR
RAL1;Large dozers;834H;HD501;35982;2013;3;617;HUR
RAL1;Large dozers;834H;HD501;35982;2013;4;556;HUR
RAL1;Large dozers;834H;HD501;35982;2013;5;419;HUR
RAL1;Large dozers;834H;HD501;35982;2013;6;335;HUR
RAL1;Large dozers;834H;HD501;35982;2013;7;206;HUR
RAL1;Large dozers;834H;HD501;35982;2013;8;0;HUR
RAL1;Large dozers;834H;HD501;35982;2013;9;8;HUR
RAL1;Large dozers;834H;HD501;35982;2013;10;0;HUR
RAL1;Large dozers;834H;HD501;35982;2013;11;108;HUR
RAL1;Large dozers;834H;HD501;35982;2013;12;387;HUR
RAL1;Large dozers;834H;HD501;35982;2014;1;406;HUR
RAL1;Large dozers;834H;HD501;35982;2014;2;479;HUR
RAL1;Large dozers;834H;HD501;35982;2014;3;583;HUR
RAL1;Large dozers;834H;HD501;35982;2014;4;548;HUR
RAL1;Large dozers;834H;HD501;35982;2014;5;653;HUR
RAL1;Large dozers;834H;HD501;35982;2014;6;385;HUR
RAL1;Large dozers;834H;HD501;35982;2014;7;263;HUR
RAL1;Large dozers;834H;HD501;35982;2014;8;367;HUR
RAL1;Large dozers;834H;HD501;35982;2014;9;394;HUR
RAL1;Large dozers;834H;HD501;35982;2014;10;564;HUR
RAL1;Large dozers;834H;HD501;35982;2014;11;481;HUR
RAL1;Large dozers;834H;HD501;35982;2014;12;554;HUR
RAL1;Large dozers;834H;HD501;35982;2015;1;338;HUR
RAL1;Large dozers;834H;HD501;35982;2015;2;448;HUR
RAL1;Large dozers;834H;HD501;35982;2015;3;623;HUR
RAL1;Large dozers;834H;HD501;35982;2015;4;628;HUR
RAL1;Large dozers;834H;HD501;35982;2015;5;571;HUR
RAL1;Large dozers;834H;HD501;35982;2015;6;600;HUR
RAL1;Large dozers;834H;HD501;35982;2015;7;515;HUR
RAL1;Large dozers;834H;HD501;35982;2015;8;231;HUR
RAL1;Large dozers;834H;HD501;35982;2015;9;0;HUR
RAL1;Large dozers;834H;HD501;35982;2015;10;16;HUR
RAL1;Large dozers;834H;HD501;35982;2015;11;0;HUR
RAL1;Large dozers;834H;HD501;35982;2015;12;43;HUR
RAL1;Large dozers;834H;HD501;35982;2016;1;365;HUR
RAL1;Large dozers;834H;HD501;35982;2016;2;309;HUR
RAL1;Large dozers;834H;HD501;35982;2016;3;0;HUR
RAL1;Large dozers;834H;HD501;35982;2016;4;248;HUR
RAL1;Large dozers;834H;HD501;35982;2016;5;503;HUR
RAL1;Large dozers;834H;HD501;35982;2016;6;391;HUR
RAL1;Large dozers;834H;HD501;35982;2016;7;454;HUR
RAL1;Large dozers;834H;HD501;35982;2016;8;298;HUR
RAL1;Large dozers;834H;HD501;35982;2016;9;0;HUR
RAL1;Large dozers;834H;HD501;35982;2016;10;19;HUR
RAL1;Large dozers;834H;HD501;35982;2016;11;0;HUR
RAL1;Large dozers;834H;HD501;35982;2016;12;0;HUR
RAL1;Large dozers;834H;HD501;35982;2017;1;11;HUR
RAL1;Large dozers;834H;HD501;35982;2017;2;0;HUR
RAL1;Large dozers;834H;HD501;35982;2017;3;0;HUR
RAL1;Large dozers;834H;HD501;35982;2017;4;0;HUR
RAL1;Large dozers;834H;HD501;35982;2017;5;0;HUR
RAL1;Large dozers;834H;HD501;35982;2017;6;14;HUR
RAL1;Large dozers;834H;HD501;35982;2017;7;36;HUR
RAL1;Large dozers;834H;HD501;35982;2017;8;230;HUR
RAL1;Large dozers;834H;HD501;35982;2017;9;21;HUR
RAL1;Large dozers;834H;HD501;35982;2017;10;0;HUR
RAL1;Large dozers;834H;HD501;35982;2017;11;0;HUR
RAL1;Large dozers;834H;HD501;35982;2017;12;0;HUR
