N° de transaction;Bon de sortie;Type de transaction;Date de sortie;Code article;Description de l'article;Famille d'article;CAv de l'article;Code analytique;Famille de machine;Type d'organe principal;Quantité sortie;Unité ;PUMP de l'article;Montant total en devise de base;Devise de base;Montant total en devise du magasin;Devise du magasin;Magasin source;Casier source;CIS du magasin source;Direction du magasin source;Magasin destinataire;CIS du magasin destinataire;Direction du magasin destinataire;N° d'OT destinataire;Description de l'OT;Demandeur de la pièce;Chantier de l'OT;Parc de l'OT ;CIS de l'OT;Statut OT;RO Number OT;Date debut OT;Date achèvement OT;Origine Composant;Direction de l'OT ;Composant;Equipement de l'OT;Type de l'OT;Sous-classe;Famille ;Département ;Propriété ;Organisation du magasin source;Commentaire
13755;BSM998.4999;Sortie d'article;16/10/2013;CA3261642;FILTRE SEPARATEUR EAU & CARB / FILTER AS-WATER SEP & FUEL;CA;602237;011;ED00;;1;U;35,49;35,49;USD;35,49;USD;M1-D;C15GPL;300021;MINES;;;;12693;MAINTENANCE 2000H CAT 773;C.NTUMBA;P20083;PARCMIN-KAS;000140;Clôturé-;;30/12/2013;30/12/2013;;MINES;;JT504;E1;JT;JT00;AUXILIAIRE;KAS;GEO-MINES;
13788;BSM5107;Sortie d'article;18/10/2013;CA3261642;FILTRE SEPARATEUR EAU & CARB / FILTER AS-WATER SEP & FUEL;CA;602237;011;ED00;;1;U;35,49;35,49;USD;35,49;USD;M1-D;C15GPL;300021;MINES;;;;12693;MAINTENANCE 2000H CAT 773;L.KABANGU;P20083;PARCMIN-KAS;000140;Clôturé-;;30/12/2013;30/12/2013;;MINES;;JT504;E1;JT;JT00;AUXILIAIRE;KAS;GEO-MINES;
14003;BSM5203;Sortie d'article;28/10/2013;CA1491912;ELEMENT DE FILTRE A AIR CHAU / FILTER ELEMENT-CAB AIR  CAB;CA;602237;011;ED00;;2;U;39,9;79,79;USD;79,79;USD;M1-D;C43E3DR1;300021;MINES;;;;21498;OT permanent : machine DJ504 sur chantier P20083;I.BASIKABA;P20083;PARCMIN-KAS;000140;Clôturé-;;;06/10/2022;;MINES;;DJ504;STE1;DJ;DJ20;PRODUCTION;KGM;GEO-MINES;
13384;BSM4530;Sortie d'article;01/10/2013;CA1327166;ÉLÉMENT DE FILTRE À AIR PRIM / FILTER ELEMENT AS-AIR PRIMAR;CA;602237;011;ED00;;1;U;98,29;98,29;USD;98,29;USD;M1-D;C48GPN4;300021;MINES;;;;21504;OT permanent : machine ED515 sur chantier P20083;C.NTUMBA;P20083;PARCMIN-KAS;000140;Clôturé-;;;22/03/2022;;MINES;;ED515;STE1;ED;ED00;PRODUCTION;KGM;GEO-MINES;
13499;BSM4838;Sortie d'article;04/10/2013;CA1327166;ÉLÉMENT DE FILTRE À AIR PRIM / FILTER ELEMENT AS-AIR PRIMAR;CA;602237;011;ED00;;1;U;98,29;98,29;USD;98,29;USD;M1-D;C48GPN4;300021;MINES;;;;21504;OT permanent : machine ED515 sur chantier P20083;G.MUSAMPA;P20083;PARCMIN-KAS;000140;Clôturé-;;;22/03/2022;;MINES;;ED515;STE1;ED;ED00;PRODUCTION;KGM;GEO-MINES;
14044;BSM5258;Sortie d'article;31/10/2013;CA3261642;FILTRE SEPARATEUR EAU & CARB / FILTER AS-WATER SEP & FUEL;CA;602237;011;ED00;;2;U;35,49;70,98;USD;70,98;USD;M1-D;C15GPL;300021;MINES;;;;21504;OT permanent : machine ED515 sur chantier P20083;C.NTUMBA;P20083;PARCMIN-KAS;000140;Clôturé-;;;22/03/2022;;MINES;;ED515;STE1;ED;ED00;PRODUCTION;KGM;GEO-MINES;
13498;BSM4838;Sortie d'article;04/10/2013;CA3261642;FILTRE SEPARATEUR EAU & CARB / FILTER AS-WATER SEP & FUEL;CA;602237;011;ED00;;1;U;35,49;35,49;USD;35,49;USD;M1-D;C15GPL;300021;MINES;;;;21504;OT permanent : machine ED515 sur chantier P20083;G.MUSAMPA;P20083;PARCMIN-KAS;000140;Clôturé-;;;22/03/2022;;MINES;;ED515;STE1;ED;ED00;PRODUCTION;KGM;GEO-MINES;
13351;BSM4504;Sortie d'article;01/10/2013;CA3261642;FILTRE SEPARATEUR EAU & CARB / FILTER AS-WATER SEP & FUEL;CA;602237;011;ED00;;1;U;35,49;35,49;USD;35,49;USD;M1-D;C15GPL;300021;MINES;;;;21504;OT permanent : machine ED515 sur chantier P20083;G.MUSAMPA;P20083;PARCMIN-KAS;000140;Clôturé-;;;22/03/2022;;MINES;;ED515;STE1;ED;ED00;PRODUCTION;KGM;GEO-MINES;
14742;BSM 5821;Sortie d'article;03/12/2013;CA3261642;FILTRE SEPARATEUR EAU & CARB / FILTER AS-WATER SEP & FUEL;CA;602237;011;ED00;;1;U;35,49;35,49;USD;35,49;USD;M1-D;C15GPL;300021;MINES;;;;21504;OT permanent : machine ED515 sur chantier P20083;G.MUSAMPA;P20083;PARCMIN-KAS;000140;Clôturé-;;;22/03/2022;;MINES;;ED515;STE1;ED;ED00;PRODUCTION;KGM;GEO-MINES;
14362;BSM5604;Sortie d'article;16/11/2013;CA3261642;FILTRE SEPARATEUR EAU & CARB / FILTER AS-WATER SEP & FUEL;CA;602237;011;ED00;;1;U;35,49;35,49;USD;35,49;USD;M1-D;C15GPL;300021;MINES;;;;21504;OT permanent : machine ED515 sur chantier P20083;G.MUSAMPA;P20083;PARCMIN-KAS;000140;Clôturé-;;;22/03/2022;;MINES;;ED515;STE1;ED;ED00;PRODUCTION;KGM;GEO-MINES;
14686;BSM5808;Sortie d'article;02/12/2013;CA3261642;FILTRE SEPARATEUR EAU & CARB / FILTER AS-WATER SEP & FUEL;CA;602237;011;ED00;;1;U;35,49;35,49;USD;35,49;USD;M1-D;C15GPL;300021;MINES;;;;21505;OT permanent : machine ED516 sur chantier P20083;G.MUSAMPA;P20083;PARCMIN-KAS;000140;Ouvert-;;;;;MINES;;ED516;STE1;ED;ED00;PRODUCTION;KGM;GEO-MINES;
14276;BSM2944;Sortie d'article;13/11/2013;CA3261642;FILTRE SEPARATEUR EAU & CARB / FILTER AS-WATER SEP & FUEL;CA;602237;011;ED00;;1;U;35,49;35,49;USD;35,49;USD;M1-D;C15GPL;300021;MINES;;;;21505;OT permanent : machine ED516 sur chantier P20083;G.MUSAMPA;P20083;PARCMIN-KAS;000140;Ouvert-;;;;;MINES;;ED516;STE1;ED;ED00;PRODUCTION;KGM;GEO-MINES;
14013;BSM5253;Sortie d'article;30/10/2013;CA3261642;FILTRE SEPARATEUR EAU & CARB / FILTER AS-WATER SEP & FUEL;CA;602237;011;ED00;;1;U;35,49;35,49;USD;35,49;USD;M1-D;C15GPL;300021;MINES;;;;21505;OT permanent : machine ED516 sur chantier P20083;L.KABANGU;P20083;PARCMIN-KAS;000140;Ouvert-;;;;;MINES;;ED516;STE1;ED;ED00;PRODUCTION;KGM;GEO-MINES;
13482;BSM4824;Sortie d'article;04/10/2013;CA3261642;FILTRE SEPARATEUR EAU & CARB / FILTER AS-WATER SEP & FUEL;CA;602237;011;ED00;;1;U;35,49;35,49;USD;35,49;USD;M1-D;C15GPL;300021;MINES;;;;21505;OT permanent : machine ED516 sur chantier P20083;G.MUSAMPA;P20083;PARCMIN-KAS;000140;Ouvert-;;;;;MINES;;ED516;STE1;ED;ED00;PRODUCTION;KGM;GEO-MINES;
14979;BSM6029;Sortie d'article;14/12/2013;CA3261642;FILTRE SEPARATEUR EAU & CARB / FILTER AS-WATER SEP & FUEL;CA;602237;011;ED00;;1;U;35,49;35,49;USD;35,49;USD;M1-D;C15GPL;300021;MINES;;;;21505;OT permanent : machine ED516 sur chantier P20083;G.MUSAMPA;P20083;PARCMIN-KAS;000140;Ouvert-;;;;;MINES;;ED516;STE1;ED;ED00;PRODUCTION;KGM;GEO-MINES;
13913;BSM5127;Sortie d'article;23/10/2013;CA3261642;FILTRE SEPARATEUR EAU & CARB / FILTER AS-WATER SEP & FUEL;CA;602237;011;ED00;;1;U;35,49;35,49;USD;35,49;USD;M1-D;C15GPL;300021;MINES;;;;21505;OT permanent : machine ED516 sur chantier P20083;L.KABANGU;P20083;PARCMIN-KAS;000140;Ouvert-;;;;;MINES;;ED516;STE1;ED;ED00;PRODUCTION;KGM;GEO-MINES;
15090;BSM6118;Sortie d'article;21/12/2013;CA3261642;FILTRE SEPARATEUR EAU & CARB / FILTER AS-WATER SEP & FUEL;CA;602237;011;ED00;;1;U;35,49;35,49;USD;35,49;USD;M1-D;C15GPL;300021;MINES;;;;21506;OT permanent : machine ED517 sur chantier P20083;G.MUSAMPA;P20083;PARCMIN-KAS;000140;Ouvert-;;;;;MINES;;ED517;STE1;ED;ED00;PRODUCTION;KGM;GEO-MINES;
14745;BSM 5826;Sortie d'article;03/12/2013;CA3261642;FILTRE SEPARATEUR EAU & CARB / FILTER AS-WATER SEP & FUEL;CA;602237;011;ED00;;1;U;35,49;35,49;USD;35,49;USD;M1-D;C15GPL;300021;MINES;;;;21506;OT permanent : machine ED517 sur chantier P20083;G.MUSAMPA;P20083;PARCMIN-KAS;000140;Ouvert-;;;;;MINES;;ED517;STE1;ED;ED00;PRODUCTION;KGM;GEO-MINES;
15060;BSM6110;Sortie d'article;18/12/2013;CA3261642;FILTRE SEPARATEUR EAU & CARB / FILTER AS-WATER SEP & FUEL;CA;602237;011;ED00;;1;U;35,49;35,49;USD;35,49;USD;M1-D;C15GPL;300021;MINES;;;;21506;OT permanent : machine ED517 sur chantier P20083;L.KABANGU;P20083;PARCMIN-KAS;000140;Ouvert-;;;;;MINES;;ED517;STE1;ED;ED00;PRODUCTION;KGM;GEO-MINES;
14069;BSM 5264;Sortie d'article;01/11/2013;CA3261642;FILTRE SEPARATEUR EAU & CARB / FILTER AS-WATER SEP & FUEL;CA;602237;011;ED00;;1;U;35,49;35,49;USD;35,49;USD;M1-D;C15GPL;300021;MINES;;;;21506;OT permanent : machine ED517 sur chantier P20083;C.NTUMBA;P20083;PARCMIN-KAS;000140;Ouvert-;;;;;MINES;;ED517;STE1;ED;ED00;PRODUCTION;KGM;GEO-MINES;
13408;BSM4542;Sortie d'article;02/10/2013;CA3261642;FILTRE SEPARATEUR EAU & CARB / FILTER AS-WATER SEP & FUEL;CA;602237;011;ED00;;1;U;35,49;35,49;USD;35,49;USD;M1-D;C15GPL;300021;MINES;;;;21506;OT permanent : machine ED517 sur chantier P20083;G.MUSAMPA;P20083;PARCMIN-KAS;000140;Ouvert-;;;;;MINES;;ED517;STE1;ED;ED00;PRODUCTION;KGM;GEO-MINES;
14472;BSM5625;Sortie d'article;20/11/2013;CA3261642;FILTRE SEPARATEUR EAU & CARB / FILTER AS-WATER SEP & FUEL;CA;602237;011;ED00;;1;U;35,49;35,49;USD;35,49;USD;M1-D;C15GPL;300021;MINES;;;;21506;OT permanent : machine ED517 sur chantier P20083;G.MUSAMPA;P20083;PARCMIN-KAS;000140;Ouvert-;;;;;MINES;;ED517;STE1;ED;ED00;PRODUCTION;KGM;GEO-MINES;
13720;BSM4993;Sortie d'article;15/10/2013;CA3261642;FILTRE SEPARATEUR EAU & CARB / FILTER AS-WATER SEP & FUEL;CA;602237;011;ED00;;1;U;35,49;35,49;USD;35,49;USD;M1-D;C15GPL;300021;MINES;;;;21506;OT permanent : machine ED517 sur chantier P20083;L.KABANGU;P20083;PARCMIN-KAS;000140;Ouvert-;;;;;MINES;;ED517;STE1;ED;ED00;PRODUCTION;KGM;GEO-MINES;
13720;BSM4993;Sortie d'article;15/10/2013;CA1327166;ÉLÉMENT DE FILTRE À AIR PRIM / FILTER ELEMENT AS-AIR PRIMAR;CA;602237;011;ED00;;1;U;98,29;98,29;USD;98,29;USD;M1-D;C48GPN4;300021;MINES;;;;21506;OT permanent : machine ED517 sur chantier P20083;L.KABANGU;P20083;PARCMIN-KAS;000140;Ouvert-;;;;;MINES;;ED517;STE1;ED;ED00;PRODUCTION;KGM;GEO-MINES;
14658;BSM5802;Sortie d'article;29/11/2013;CA1327166;ÉLÉMENT DE FILTRE À AIR PRIM / FILTER ELEMENT AS-AIR PRIMAR;CA;602237;011;ED00;;1;U;98,29;98,29;USD;98,29;USD;M1-D;C48GPN4;300021;MINES;;;;21507;OT permanent : machine ED518 sur chantier P20083;G.MUSAMPA;P20083;PARCMIN-KAS;000140;Clôturé-;;;06/10/2022;;MINES;;ED518;STE1;ED;ED00;PRODUCTION;KGM;GEO-MINES;
14336;BSM5606;Sortie d'article;15/11/2013;CA3261642;FILTRE SEPARATEUR EAU & CARB / FILTER AS-WATER SEP & FUEL;CA;602237;011;ED00;;1;U;35,49;35,49;USD;35,49;USD;M1-D;C15GPL;300021;MINES;;;;21507;OT permanent : machine ED518 sur chantier P20083;G.MUSAMPA;P20083;PARCMIN-KAS;000140;Clôturé-;;;06/10/2022;;MINES;;ED518;STE1;ED;ED00;PRODUCTION;KGM;GEO-MINES;
14658;BSM5802;Sortie d'article;29/11/2013;CA3261642;FILTRE SEPARATEUR EAU & CARB / FILTER AS-WATER SEP & FUEL;CA;602237;011;ED00;;1;U;35,49;35,49;USD;35,49;USD;M1-D;C15GPL;300021;MINES;;;;21507;OT permanent : machine ED518 sur chantier P20083;G.MUSAMPA;P20083;PARCMIN-KAS;000140;Clôturé-;;;06/10/2022;;MINES;;ED518;STE1;ED;ED00;PRODUCTION;KGM;GEO-MINES;
14046;BSM5261;Sortie d'article;31/10/2013;CA3261642;FILTRE SEPARATEUR EAU & CARB / FILTER AS-WATER SEP & FUEL;CA;602237;011;ED00;;1;U;35,49;35,49;USD;35,49;USD;M1-D;C15GPL;300021;MINES;;;;21507;OT permanent : machine ED518 sur chantier P20083;C.NTUMBA;P20083;PARCMIN-KAS;000140;Clôturé-;;;06/10/2022;;MINES;;ED518;STE1;ED;ED00;PRODUCTION;KGM;GEO-MINES;
13770;BSM5103;Sortie d'article;17/10/2013;CA3261642;FILTRE SEPARATEUR EAU & CARB / FILTER AS-WATER SEP & FUEL;CA;602237;011;ED00;;1;U;35,49;35,49;USD;35,49;USD;M1-D;C15GPL;300021;MINES;;;;21507;OT permanent : machine ED518 sur chantier P20083;L.KABANGU;P20083;PARCMIN-KAS;000140;Clôturé-;;;06/10/2022;;MINES;;ED518;STE1;ED;ED00;PRODUCTION;KGM;GEO-MINES;
15000;BSM6045;Sortie d'article;16/12/2013;CA3261642;FILTRE SEPARATEUR EAU & CARB / FILTER AS-WATER SEP & FUEL;CA;602237;011;ED00;;1;U;35,49;35,49;USD;35,49;USD;M1-D;C15GPL;300021;MINES;;;;21507;OT permanent : machine ED518 sur chantier P20083;G.MUSAMPA;P20083;PARCMIN-KAS;000140;Clôturé-;;;06/10/2022;;MINES;;ED518;STE1;ED;ED00;PRODUCTION;KGM;GEO-MINES;
14241;BSM2928;Sortie d'article;11/11/2013;CA3261642;FILTRE SEPARATEUR EAU & CARB / FILTER AS-WATER SEP & FUEL;CA;602237;011;ED00;;1;U;35,49;35,49;USD;35,49;USD;M1-D;C15GPL;300021;MINES;;;;21508;OT permanent : machine ED519 sur chantier P20083;G.MUSAMPA;P20083;PARCMIN-KAS;000140;Clôturé-;;;06/10/2022;;MINES;;ED519;STE1;ED;ED00;PRODUCTION;KGM;GEO-MINES;
14528;BSM5624;Sortie d'article;21/11/2013;CA3261642;FILTRE SEPARATEUR EAU & CARB / FILTER AS-WATER SEP & FUEL;CA;602237;011;ED00;;1;U;35,49;35,49;USD;35,49;USD;M1-D;C15GPL;300021;MINES;;;;21508;OT permanent : machine ED519 sur chantier P20083;G.MUSAMPA;P20083;PARCMIN-KAS;000140;Clôturé-;;;06/10/2022;;MINES;;ED519;STE1;ED;ED00;PRODUCTION;KGM;GEO-MINES;
15182;BSM6128;Sortie d'article;27/12/2013;CA3261642;FILTRE SEPARATEUR EAU & CARB / FILTER AS-WATER SEP & FUEL;CA;602237;011;ED00;;1;U;35,49;35,49;USD;35,49;USD;M1-D;C15GPL;300021;MINES;;;;21508;OT permanent : machine ED519 sur chantier P20083;G.MUSAMPA;P20083;PARCMIN-KAS;000140;Clôturé-;;;06/10/2022;;MINES;;ED519;STE1;ED;ED00;PRODUCTION;KGM;GEO-MINES;
13856;BSM5118;Sortie d'article;21/10/2013;CA3261642;FILTRE SEPARATEUR EAU & CARB / FILTER AS-WATER SEP & FUEL;CA;602237;011;ED00;;1;U;35,49;35,49;USD;35,49;USD;M1-D;C15GPL;300021;MINES;;;;21508;OT permanent : machine ED519 sur chantier P20083;L.KABANGU;P20083;PARCMIN-KAS;000140;Clôturé-;;;06/10/2022;;MINES;;ED519;STE1;ED;ED00;PRODUCTION;KGM;GEO-MINES;
14864;BSM5850;Sortie d'article;09/12/2013;CA3261642;FILTRE SEPARATEUR EAU & CARB / FILTER AS-WATER SEP & FUEL;CA;602237;011;ED00;;1;U;35,49;35,49;USD;35,49;USD;M1-D;C15GPL;300021;MINES;;;;21508;OT permanent : machine ED519 sur chantier P20083;G.MUSAMPA;P20083;PARCMIN-KAS;000140;Clôturé-;;;06/10/2022;;MINES;;ED519;STE1;ED;ED00;PRODUCTION;KGM;GEO-MINES;
13856;BSM5118;Sortie d'article;21/10/2013;CA1327166;ÉLÉMENT DE FILTRE À AIR PRIM / FILTER ELEMENT AS-AIR PRIMAR;CA;602237;011;ED00;;1;U;98,29;98,29;USD;98,29;USD;M1-D;C48GPN4;300021;MINES;;;;21508;OT permanent : machine ED519 sur chantier P20083;L.KABANGU;P20083;PARCMIN-KAS;000140;Clôturé-;;;06/10/2022;;MINES;;ED519;STE1;ED;ED00;PRODUCTION;KGM;GEO-MINES;
14775;BSM5830;Sortie d'article;04/12/2013;CA3261642;FILTRE SEPARATEUR EAU & CARB / FILTER AS-WATER SEP & FUEL;CA;602237;011;ED00;;1;U;35,49;35,49;USD;35,49;USD;M1-D;C15GPL;300021;MINES;;;;21509;OT permanent : machine ED520 sur chantier P20083;G.MUSAMPA;P20083;PARCMIN-KAS;000140;Ouvert-;;;;;MINES;;ED520;STE1;ED;ED00;PRODUCTION;KGM;GEO-MINES;
14406;BSM5619;Sortie d'article;19/11/2013;CA3261642;FILTRE SEPARATEUR EAU & CARB / FILTER AS-WATER SEP & FUEL;CA;602237;011;ED00;;1;U;35,49;35,49;USD;35,49;USD;M1-D;C15GPL;300021;MINES;;;;21509;OT permanent : machine ED520 sur chantier P20083;G.MUSAMPA;P20083;PARCMIN-KAS;000140;Ouvert-;;;;;MINES;;ED520;STE1;ED;ED00;PRODUCTION;KGM;GEO-MINES;
13661;BSM4715;Sortie d'article;11/10/2013;CA3261642;FILTRE SEPARATEUR EAU & CARB / FILTER AS-WATER SEP & FUEL;CA;602237;011;ED00;;1;U;35,49;35,49;USD;35,49;USD;M1-D;C15GPL;300021;MINES;;;;21509;OT permanent : machine ED520 sur chantier P20083;L.KABANGU;P20083;PARCMIN-KAS;000140;Ouvert-;;;;;MINES;;ED520;STE1;ED;ED00;PRODUCTION;KGM;GEO-MINES;
13665;BSM4979;Sortie d'article;11/10/2013;CA3261642;FILTRE SEPARATEUR EAU & CARB / FILTER AS-WATER SEP & FUEL;CA;602237;011;ED00;;1;U;35,49;35,49;USD;35,49;USD;M1-D;C15GPL;300021;MINES;;;;21509;OT permanent : machine ED520 sur chantier P20083;L.KABANGU;P20083;PARCMIN-KAS;000140;Ouvert-;;;;;MINES;;ED520;STE1;ED;ED00;PRODUCTION;KGM;GEO-MINES;
13386;BSM4533;Sortie d'article;01/10/2013;CA3261642;FILTRE SEPARATEUR EAU & CARB / FILTER AS-WATER SEP & FUEL;CA;602237;011;ED00;;1;U;35,49;35,49;USD;35,49;USD;M1-D;C15GPL;300021;MINES;;;;21509;OT permanent : machine ED520 sur chantier P20083;G.MUSAMPA;P20083;PARCMIN-KAS;000140;Ouvert-;;;;;MINES;;ED520;STE1;ED;ED00;PRODUCTION;KGM;GEO-MINES;
15059;BSM6109;Sortie d'article;18/12/2013;CA3261642;FILTRE SEPARATEUR EAU & CARB / FILTER AS-WATER SEP & FUEL;CA;602237;011;ED00;;1;U;35,49;35,49;USD;35,49;USD;M1-D;C15GPL;300021;MINES;;;;21509;OT permanent : machine ED520 sur chantier P20083;L.KABANGU;P20083;PARCMIN-KAS;000140;Ouvert-;;;;;MINES;;ED520;STE1;ED;ED00;PRODUCTION;KGM;GEO-MINES;
13982;BSM5143;Sortie d'article;28/10/2013;CA3261642;FILTRE SEPARATEUR EAU & CARB / FILTER AS-WATER SEP & FUEL;CA;602237;011;ED00;;1;U;35,49;35,49;USD;35,49;USD;M1-D;C15GPL;300021;MINES;;;;21509;OT permanent : machine ED520 sur chantier P20083;L.KABANGU;P20083;PARCMIN-KAS;000140;Ouvert-;;;;;MINES;;ED520;STE1;ED;ED00;PRODUCTION;KGM;GEO-MINES;
15094;BSM6122;Sortie d'article;21/12/2013;CA1300229;JOINT TORIQUE / SEAL-O-RING;CA;602237;013;ED00;;1;U;18,4;18,4;USD;18,4;USD;M1-D;C47E6DR1;300021;MINES;;;;21510;OT permanent : machine FC506 sur chantier P20083;G.MUSAMPA;P20083;PARCMIN-KAS;000140;Ouvert-;;;;;MINES;;FC506;STE1;FC;FC01;PRODUCTION;KAS;GEO-MINES;
13943;BSM5132;Sortie d'article;25/10/2013;CA1300229;JOINT TORIQUE / SEAL-O-RING;CA;602237;013;ED00;;1;U;18,4;18,4;USD;18,4;USD;M1-D;C47E6DR1;300021;MINES;;;;21510;OT permanent : machine FC506 sur chantier P20083;L.KABANGU;P20083;PARCMIN-KAS;000140;Ouvert-;;;;;MINES;;FC506;STE1;FC;FC01;PRODUCTION;KAS;GEO-MINES;
13385;BSM4531;Sortie d'article;01/10/2013;CA1300229;JOINT TORIQUE / SEAL-O-RING;CA;602237;013;ED00;;2;U;18,4;36,81;USD;36,81;USD;M1-D;C47E6DR1;300021;MINES;;;;21510;OT permanent : machine FC506 sur chantier P20083;G.MUSAMPA;P20083;PARCMIN-KAS;000140;Ouvert-;;;;;MINES;;FC506;STE1;FC;FC01;PRODUCTION;KAS;GEO-MINES;
14518;BSM5638;Sortie d'article;21/11/2013;CA1300229;JOINT TORIQUE / SEAL-O-RING;CA;602237;013;ED00;;2;U;18,4;36,81;USD;36,81;USD;M1-D;C47E6DR1;300021;MINES;;;;21510;OT permanent : machine FC506 sur chantier P20083;G.MUSAMPA;P20083;PARCMIN-KAS;000140;Ouvert-;;;;;MINES;;FC506;STE1;FC;FC01;PRODUCTION;KAS;GEO-MINES;
13385;BSM4531;Sortie d'article;01/10/2013;CA1491912;ELEMENT DE FILTRE A AIR CHAU / FILTER ELEMENT-CAB AIR  CAB;CA;602237;011;ED00;;1;U;39,9;39,9;USD;39,9;USD;M1-D;C43E3DR1;300021;MINES;;;;21510;OT permanent : machine FC506 sur chantier P20083;G.MUSAMPA;P20083;PARCMIN-KAS;000140;Ouvert-;;;;;MINES;;FC506;STE1;FC;FC01;PRODUCTION;KAS;GEO-MINES;
14518;BSM5638;Sortie d'article;21/11/2013;CA1491912;ELEMENT DE FILTRE A AIR CHAU / FILTER ELEMENT-CAB AIR  CAB;CA;602237;011;ED00;;1;U;39,9;39,9;USD;39,9;USD;M1-D;C43E3DR1;300021;MINES;;;;21510;OT permanent : machine FC506 sur chantier P20083;G.MUSAMPA;P20083;PARCMIN-KAS;000140;Ouvert-;;;;;MINES;;FC506;STE1;FC;FC01;PRODUCTION;KAS;GEO-MINES;
14998;BSM6041;Sortie d'article;16/12/2013;CA1491912;ELEMENT DE FILTRE A AIR CHAU / FILTER ELEMENT-CAB AIR  CAB;CA;602237;011;ED00;;1;U;39,9;39,9;USD;39,9;USD;M1-D;C43E3DR1;300021;MINES;;;;21511;OT permanent : machine FC507 sur chantier P20083;G.MUSAMPA;P20083;PARCMIN-KAS;000140;Ouvert-;;;;;MINES;;FC507;STE1;FC;FC01;PRODUCTION;KAS;GEO-MINES;
13709;BSM4982;Sortie d'article;15/10/2013;CA1300229;JOINT TORIQUE / SEAL-O-RING;CA;602237;013;ED00;;2;U;18,4;36,81;USD;36,81;USD;M1-D;C47E6DR1;300021;MINES;;;;21511;OT permanent : machine FC507 sur chantier P20083;L.KABANGU;P20083;PARCMIN-KAS;000140;Ouvert-;;;;;MINES;;FC507;STE1;FC;FC01;PRODUCTION;KAS;GEO-MINES;
14998;BSM6041;Sortie d'article;16/12/2013;CA1300229;JOINT TORIQUE / SEAL-O-RING;CA;602237;013;ED00;;2;U;18,4;36,81;USD;36,81;USD;M1-D;C47E6DR1;300021;MINES;;;;21511;OT permanent : machine FC507 sur chantier P20083;G.MUSAMPA;P20083;PARCMIN-KAS;000140;Ouvert-;;;;;MINES;;FC507;STE1;FC;FC01;PRODUCTION;KAS;GEO-MINES;
13709;BSM4982;Sortie d'article;15/10/2013;CA1491912;ELEMENT DE FILTRE A AIR CHAU / FILTER ELEMENT-CAB AIR  CAB;CA;602237;011;ED00;;1;U;39,9;39,9;USD;39,9;USD;M1-D;C43E3DR1;300021;MINES;;;;21511;OT permanent : machine FC507 sur chantier P20083;L.KABANGU;P20083;PARCMIN-KAS;000140;Ouvert-;;;;;MINES;;FC507;STE1;FC;FC01;PRODUCTION;KAS;GEO-MINES;
14259;BSM2936;Sortie d'article;11/11/2013;CA1491912;ELEMENT DE FILTRE A AIR CHAU / FILTER ELEMENT-CAB AIR  CAB;CA;602237;011;ED00;;1;U;39,9;39,9;USD;39,9;USD;M1-D;C43E3DR1;300021;MINES;;;;21516;OT permanent : machine JM538 sur chantier P20083;G.MUSAMPA;P20083;PARCMIN-KAS;000140;Ouvert-;;;;;MINES;;JM538;STE1;JM;JM00G;PRODUCTION;KAS;GEO-MINES;
14238;BSM2925;Sortie d'article;11/11/2013;CA1491912;ELEMENT DE FILTRE A AIR CHAU / FILTER ELEMENT-CAB AIR  CAB;CA;602237;011;ED00;;1;U;39,9;39,9;USD;39,9;USD;M1-D;C43E3DR1;300021;MINES;;;;21517;OT permanent : machine JM539  sur chantier P20083;G.MUSAMPA;P20083;PARCMIN-KAS;000140;Clôturé-;;23/06/2023;23/06/2023;;MINES;;JM539;STE1;JM;JM00G;PRODUCTION;KAS;GEO-MINES;
14005;BSM5204;Sortie d'article;28/10/2013;CA6D9157;JOINT TORIQUE / SEAL-O-RING;CA;602237;013;ED00;;2;U;5,15;10,3;USD;10,3;USD;M1-D;C53E8DR3;300021;MINES;;;;21517;OT permanent : machine JM539  sur chantier P20083;I.BASIKABA;P20083;PARCMIN-KAS;000140;Clôturé-;;23/06/2023;23/06/2023;;MINES;;JM539;STE1;JM;JM00G;PRODUCTION;KAS;GEO-MINES;
14243;BSM2925;Sortie d'article;11/11/2013;CA6D9157;JOINT TORIQUE / SEAL-O-RING;CA;602237;013;ED00;;1;U;5,15;5,15;USD;5,15;USD;M1-D;C53E8DR3;300021;MINES;;;;21517;OT permanent : machine JM539  sur chantier P20083;G.MUSAMPA;P20083;PARCMIN-KAS;000140;Clôturé-;;23/06/2023;23/06/2023;;MINES;;JM539;STE1;JM;JM00G;PRODUCTION;KAS;GEO-MINES;
14144;BSM2919;Sortie d'article;07/11/2013;CA6D9157;JOINT TORIQUE / SEAL-O-RING;CA;602237;013;ED00;;1;U;5,15;5,15;USD;5,15;USD;M1-D;C53E8DR3;300021;MINES;;;;21519;OT permanent : machine JM541 sur chantier P20083;L.KABANGU;P20083;PARCMIN-KAS;000140;Clôturé-;;16/06/2023;16/06/2023;;MINES;;JM541;STE1;JM;JM00G;PRODUCTION;KAS;GEO-MINES;
14144;BSM2919;Sortie d'article;07/11/2013;CA1491912;ELEMENT DE FILTRE A AIR CHAU / FILTER ELEMENT-CAB AIR  CAB;CA;602237;011;ED00;;1;U;39,9;39,9;USD;39,9;USD;M1-D;C43E3DR1;300021;MINES;;;;21519;OT permanent : machine JM541 sur chantier P20083;L.KABANGU;P20083;PARCMIN-KAS;000140;Clôturé-;;16/06/2023;16/06/2023;;MINES;;JM541;STE1;JM;JM00G;PRODUCTION;KAS;GEO-MINES;
14242;BSM2929;Sortie d'article;11/11/2013;CA1491912;ELEMENT DE FILTRE A AIR CHAU / FILTER ELEMENT-CAB AIR  CAB;CA;602237;011;ED00;;1;U;39,9;39,9;USD;39,9;USD;M1-D;C43E3DR1;300021;MINES;;;;21520;OT permanent : machine JM542 sur chantier P20083;G.MUSAMPA;P20083;PARCMIN-KAS;000140;Ouvert-;;;;;MINES;;JM542;STE1;JM;JM00G;PRODUCTION;KAS;GEO-MINES;
14244;BSM2929;Sortie d'article;11/11/2013;CA6D9157;JOINT TORIQUE / SEAL-O-RING;CA;602237;013;ED00;;1;U;5,15;5,15;USD;5,15;USD;M1-D;C53E8DR3;300021;MINES;;;;21520;OT permanent : machine JM542 sur chantier P20083;L.KABANGU;P20083;PARCMIN-KAS;000140;Ouvert-;;;;;MINES;;JM542;STE1;JM;JM00G;PRODUCTION;KAS;GEO-MINES;
14109;5272/5273/5274;Sortie d'article;06/11/2013;CA6D9157;JOINT TORIQUE / SEAL-O-RING;CA;602237;013;ED00;;1;U;5,15;5,15;USD;5,15;USD;M1-D;C53E8DR3;300021;MINES;;;;21521;OT permanent : machine JM543 sur chantier P20083;L.KABANGU;P20083;PARCMIN-KAS;000140;Clôturé-;;16/06/2023;16/06/2023;;MINES;;JM543;STE1;JM;JM00G;PRODUCTION;KAS;GEO-MINES;
14109;5272/5273/5274;Sortie d'article;06/11/2013;CA1491912;ELEMENT DE FILTRE A AIR CHAU / FILTER ELEMENT-CAB AIR  CAB;CA;602237;011;ED00;;1;U;39,9;39,9;USD;39,9;USD;M1-D;C43E3DR1;300021;MINES;;;;21521;OT permanent : machine JM543 sur chantier P20083;L.KABANGU;P20083;PARCMIN-KAS;000140;Clôturé-;;16/06/2023;16/06/2023;;MINES;;JM543;STE1;JM;JM00G;PRODUCTION;KAS;GEO-MINES;
14469;BSM5621;Sortie d'article;20/11/2013;CA1491912;ELEMENT DE FILTRE A AIR CHAU / FILTER ELEMENT-CAB AIR  CAB;CA;602237;011;ED00;;1;U;39,9;39,9;USD;39,9;USD;M1-D;C43E3DR1;300021;MINES;;;;21522;OT permanent : machine JM544 sur chantier P20083;G.MUSAMPA;P20083;PARCMIN-KAS;000140;Clôturé-;;16/06/2023;16/06/2023;;MINES;;JM544;STE1;JM;JM00;PRODUCTION;KAS;GEO-MINES;
14469;BSM5621;Sortie d'article;20/11/2013;CA6D9157;JOINT TORIQUE / SEAL-O-RING;CA;602237;013;ED00;;1;U;5,15;5,15;USD;5,15;USD;M1-D;C53E8DR3;300021;MINES;;;;21522;OT permanent : machine JM544 sur chantier P20083;G.MUSAMPA;P20083;PARCMIN-KAS;000140;Clôturé-;;16/06/2023;16/06/2023;;MINES;;JM544;STE1;JM;JM00;PRODUCTION;KAS;GEO-MINES;
14821;BSM5845;Sortie d'article;07/12/2013;CA6D9157;JOINT TORIQUE / SEAL-O-RING;CA;602237;013;ED00;;1;U;5,15;5,15;USD;5,15;USD;M1-D;C53E8DR3;300021;MINES;;;;21523;OT permanent : machine JM545 sur chantier P20083;G.MUSAMPA;P20083;PARCMIN-KAS;000140;Clôturé-;;16/06/2023;16/06/2023;;MINES;;JM545;STE1;JM;JM00;PRODUCTION;KAS;GEO-MINES;
14821;BSM5845;Sortie d'article;07/12/2013;CA1491912;ELEMENT DE FILTRE A AIR CHAU / FILTER ELEMENT-CAB AIR  CAB;CA;602237;011;ED00;;1;U;39,9;39,9;USD;39,9;USD;M1-D;C43E3DR1;300021;MINES;;;;21523;OT permanent : machine JM545 sur chantier P20083;G.MUSAMPA;P20083;PARCMIN-KAS;000140;Clôturé-;;16/06/2023;16/06/2023;;MINES;;JM545;STE1;JM;JM00;PRODUCTION;KAS;GEO-MINES;
14070;BSM 5265;Sortie d'article;01/11/2013;CA1491912;ELEMENT DE FILTRE A AIR CHAU / FILTER ELEMENT-CAB AIR  CAB;CA;602237;011;ED00;;1;U;39,9;39,9;USD;39,9;USD;M1-D;C43E3DR1;300021;MINES;;;;21524;OT permanent : machine JM546 sur chantier P20083;L.KABANGU;P20083;PARCMIN-KAS;000140;Clôturé-;;16/06/2023;16/06/2023;;MINES;;JM546;STE1;JM;JM00;PRODUCTION;KAS;GEO-MINES;
14870;BSM6001;Sortie d'article;09/12/2013;CA1491912;ELEMENT DE FILTRE A AIR CHAU / FILTER ELEMENT-CAB AIR  CAB;CA;602237;011;ED00;;1;U;39,9;39,9;USD;39,9;USD;M1-D;C43E3DR1;300021;MINES;;;;21525;OT permanent : machine JM547 sur chantier P20083;G.MUSAMPA;P20083;PARCMIN-KAS;000140;Clôturé-;;16/06/2023;16/06/2023;;MINES;;JM547;STE1;JM;JM00;PRODUCTION;KAS;GEO-MINES;
13415;BSM4546;Sortie d'article;02/10/2013;CA1491912;ELEMENT DE FILTRE A AIR CHAU / FILTER ELEMENT-CAB AIR  CAB;CA;602237;011;ED00;;1;U;39,9;39,9;USD;39,9;USD;M1-D;C43E3DR1;300021;MINES;;;;21525;OT permanent : machine JM547 sur chantier P20083;G.MUSAMPA;P20083;PARCMIN-KAS;000140;Clôturé-;;16/06/2023;16/06/2023;;MINES;;JM547;STE1;JM;JM00;PRODUCTION;KAS;GEO-MINES;
14870;BSM6001;Sortie d'article;09/12/2013;CA6D9157;JOINT TORIQUE / SEAL-O-RING;CA;602237;013;ED00;;1;U;5,15;5,15;USD;5,15;USD;M1-D;C53E8DR3;300021;MINES;;;;21525;OT permanent : machine JM547 sur chantier P20083;G.MUSAMPA;P20083;PARCMIN-KAS;000140;Clôturé-;;16/06/2023;16/06/2023;;MINES;;JM547;STE1;JM;JM00;PRODUCTION;KAS;GEO-MINES;
14954;BSM6019;Sortie d'article;13/12/2013;CA6D9157;JOINT TORIQUE / SEAL-O-RING;CA;602237;013;ED00;;1;U;5,15;5,15;USD;5,15;USD;M1-D;C53E8DR3;300021;MINES;;;;21526;OT permanent : machine JM548 sur chantier P20083;G.MUSAMPA;P20083;PARCMIN-KAS;000140;Ouvert-;;;;;MINES;;JM548;STE1;JM;JM00;PRODUCTION;KAS;GEO-MINES;
14954;BSM6019;Sortie d'article;13/12/2013;CA1491912;ELEMENT DE FILTRE A AIR CHAU / FILTER ELEMENT-CAB AIR  CAB;CA;602237;011;ED00;;1;U;39,9;39,9;USD;39,9;USD;M1-D;C43E3DR1;300021;MINES;;;;21526;OT permanent : machine JM548 sur chantier P20083;G.MUSAMPA;P20083;PARCMIN-KAS;000140;Ouvert-;;;;;MINES;;JM548;STE1;JM;JM00;PRODUCTION;KAS;GEO-MINES;
13657;BSM4975;Sortie d'article;11/10/2013;CA1491912;ELEMENT DE FILTRE A AIR CHAU / FILTER ELEMENT-CAB AIR  CAB;CA;602237;011;ED00;;1;U;39,9;39,9;USD;39,9;USD;M1-D;C43E3DR1;300021;MINES;;;;21526;OT permanent : machine JM548 sur chantier P20083;L.KABANGU;P20083;PARCMIN-KAS;000140;Ouvert-;;;;;MINES;;JM548;STE1;JM;JM00;PRODUCTION;KAS;GEO-MINES;
14275;BSM2940;Sortie d'article;13/11/2013;CA1491912;ELEMENT DE FILTRE A AIR CHAU / FILTER ELEMENT-CAB AIR  CAB;CA;602237;011;ED00;;1;U;39,9;39,9;USD;39,9;USD;M1-D;C43E3DR1;300021;MINES;;;;21527;OT permanent : machine JM549 sur chantier P20083;G.MUSAMPA;P20083;PARCMIN-KAS;000140;Ouvert-;;;;;MINES;;JM549;STE1;JM;JM00;PRODUCTION;KAS;GEO-MINES;
14275;BSM2940;Sortie d'article;13/11/2013;CA6D9157;JOINT TORIQUE / SEAL-O-RING;CA;602237;013;ED00;;1;U;5,15;5,15;USD;5,15;USD;M1-D;C53E8DR3;300021;MINES;;;;21527;OT permanent : machine JM549 sur chantier P20083;G.MUSAMPA;P20083;PARCMIN-KAS;000140;Ouvert-;;;;;MINES;;JM549;STE1;JM;JM00;PRODUCTION;KAS;GEO-MINES;
13716;BSM4989;Sortie d'article;15/10/2013;CA1491912;ELEMENT DE FILTRE A AIR CHAU / FILTER ELEMENT-CAB AIR  CAB;CA;602237;011;ED00;;1;U;39,9;39,9;USD;39,9;USD;M1-D;C43E3DR1;300021;MINES;;;;21528;OT permanent : machine JM550 sur chantier P20083;L.KABANGU;P20083;PARCMIN-KAS;000140;Clôturé-;;16/06/2023;16/06/2023;;MINES;;JM550;STE1;JM;JM00;PRODUCTION;KAS;GEO-MINES;
14119;BSM5282;Sortie d'article;07/11/2013;CA1491912;ELEMENT DE FILTRE A AIR CHAU / FILTER ELEMENT-CAB AIR  CAB;CA;602237;011;ED00;;1;U;39,9;39,9;USD;39,9;USD;M1-D;C43E3DR1;300021;MINES;;;;21529;OT permanent : machine JM552 sur chantier P20083;L.KABANGU;P20083;PARCMIN-KAS;000140;Ouvert-;;;;;MINES;;JM552;STE1;JM;JM00;PRODUCTION;KAS;GEO-MINES;
15193;BSM6136;Sortie d'article;27/12/2013;CA1491912;ELEMENT DE FILTRE A AIR CHAU / FILTER ELEMENT-CAB AIR  CAB;CA;602237;011;ED00;;1;U;39,9;39,9;USD;39,9;USD;M1-D;C43E3DR1;300021;MINES;;;;21529;OT permanent : machine JM552 sur chantier P20083;G.MUSAMPA;P20083;PARCMIN-KAS;000140;Ouvert-;;;;;MINES;;JM552;STE1;JM;JM00;PRODUCTION;KAS;GEO-MINES;
14119;BSM5282;Sortie d'article;07/11/2013;CA6D9157;JOINT TORIQUE / SEAL-O-RING;CA;602237;013;ED00;;1;U;5,15;5,15;USD;5,15;USD;M1-D;C53E8DR3;300021;MINES;;;;21529;OT permanent : machine JM552 sur chantier P20083;L.KABANGU;P20083;PARCMIN-KAS;000140;Ouvert-;;;;;MINES;;JM552;STE1;JM;JM00;PRODUCTION;KAS;GEO-MINES;
14995;BSM6033;Sortie d'article;16/12/2013;CA6D9157;JOINT TORIQUE / SEAL-O-RING;CA;602237;013;ED00;;1;U;5,15;5,15;USD;5,15;USD;M1-D;C53E8DR3;300021;MINES;;;;21530;OT permanent : machine JM553 sur chantier P20083;G.MUSAMPA;P20083;PARCMIN-KAS;000140;Clôturé-;;16/06/2023;16/06/2023;;MINES;;JM553;STE1;JM;JM00;PRODUCTION;KAS;GEO-MINES;
14995;BSM6033;Sortie d'article;16/12/2013;CA1491912;ELEMENT DE FILTRE A AIR CHAU / FILTER ELEMENT-CAB AIR  CAB;CA;602237;011;ED00;;1;U;39,9;39,9;USD;39,9;USD;M1-D;C43E3DR1;300021;MINES;;;;21530;OT permanent : machine JM553 sur chantier P20083;G.MUSAMPA;P20083;PARCMIN-KAS;000140;Clôturé-;;16/06/2023;16/06/2023;;MINES;;JM553;STE1;JM;JM00;PRODUCTION;KAS;GEO-MINES;
14692;BSM5811;Sortie d'article;02/12/2013;CA1491912;ELEMENT DE FILTRE A AIR CHAU / FILTER ELEMENT-CAB AIR  CAB;CA;602237;011;ED00;;1;U;39,9;39,9;USD;39,9;USD;M1-D;C43E3DR1;300021;MINES;;;;21531;OT permanent : machine JM554 sur chantier P20083;G.MUSAMPA;P20083;PARCMIN-KAS;000140;Ouvert-;;;;;MINES;;JM554;STE1;JM;JM00;PRODUCTION;KAS;GEO-MINES;
14692;BSM5811;Sortie d'article;02/12/2013;CA6D9157;JOINT TORIQUE / SEAL-O-RING;CA;602237;013;ED00;;1;U;5,15;5,15;USD;5,15;USD;M1-D;C53E8DR3;300021;MINES;;;;21531;OT permanent : machine JM554 sur chantier P20083;G.MUSAMPA;P20083;PARCMIN-KAS;000140;Ouvert-;;;;;MINES;;JM554;STE1;JM;JM00;PRODUCTION;KAS;GEO-MINES;
14117;5278;Sortie d'article;06/11/2013;CA1491912;ELEMENT DE FILTRE A AIR CHAU / FILTER ELEMENT-CAB AIR  CAB;CA;602237;011;ED00;;1;U;39,9;39,9;USD;39,9;USD;M1-D;C43E3DR1;300021;MINES;;;;21532;OT permanent : machine JM555 sur chantier P20083;L.KABANGU;P20083;PARCMIN-KAS;000140;Ouvert-;;;;;MINES;;JM555;STE1;JM;JM00;PRODUCTION;KAS;GEO-MINES;
14988;BSM5912;Sortie d'article;16/12/2013;CA1491912;ELEMENT DE FILTRE A AIR CHAU / FILTER ELEMENT-CAB AIR  CAB;CA;602237;011;ED00;;1;U;39,9;39,9;USD;39,9;USD;M1-D;C43E3DR1;300021;MINES;;;;21533;OT permanent : machine JM556 sur chantier P20083;L.KABANGU;P20083;PARCMIN-KAS;000140;Ouvert-;;;;;MINES;;JM556;STE1;JM;JM00;PRODUCTION;KAS;GEO-MINES;
14988;BSM5912;Sortie d'article;16/12/2013;CA6D9157;JOINT TORIQUE / SEAL-O-RING;CA;602237;013;ED00;;1;U;5,15;5,15;USD;5,15;USD;M1-D;C53E8DR3;300021;MINES;;;;21533;OT permanent : machine JM556 sur chantier P20083;L.KABANGU;P20083;PARCMIN-KAS;000140;Ouvert-;;;;;MINES;;JM556;STE1;JM;JM00;PRODUCTION;KAS;GEO-MINES;
13855;BSM5115;Sortie d'article;21/10/2013;CA6D9157;JOINT TORIQUE / SEAL-O-RING;CA;602237;013;ED00;;1;U;5,15;5,15;USD;5,15;USD;M1-D;C53E8DR3;300021;MINES;;;;21534;OT permanent : machine JM562 sur chantier P20083;L.KABANGU;P20083;PARCMIN-KAS;000140;Ouvert-;;;;;MINES;;JM562;STE1;JM;JM00;PRODUCTION;KAS;GEO-MINES;
13855;BSM5115;Sortie d'article;21/10/2013;CA1491912;ELEMENT DE FILTRE A AIR CHAU / FILTER ELEMENT-CAB AIR  CAB;CA;602237;011;ED00;;1;U;39,9;39,9;USD;39,9;USD;M1-D;C43E3DR1;300021;MINES;;;;21534;OT permanent : machine JM562 sur chantier P20083;L.KABANGU;P20083;PARCMIN-KAS;000140;Ouvert-;;;;;MINES;;JM562;STE1;JM;JM00;PRODUCTION;KAS;GEO-MINES;
14977;BSM6026;Sortie d'article;14/12/2013;CA1491912;ELEMENT DE FILTRE A AIR CHAU / FILTER ELEMENT-CAB AIR  CAB;CA;602237;011;ED00;;1;U;39,9;39,9;USD;39,9;USD;M1-D;C43E3DR1;300021;MINES;;;;21534;OT permanent : machine JM562 sur chantier P20083;G.MUSAMPA;P20083;PARCMIN-KAS;000140;Ouvert-;;;;;MINES;;JM562;STE1;JM;JM00;PRODUCTION;KAS;GEO-MINES;
15249;BSM6149;Sortie d'article;30/12/2013;CA1491912;ELEMENT DE FILTRE A AIR CHAU / FILTER ELEMENT-CAB AIR  CAB;CA;602237;011;ED00;;1;U;43,42;43,42;USD;43,42;USD;M1-D;C43E3DR1;300021;MINES;;;;21535;OT permanent : machine JT504 sur chantier P20083;G.MUSAMPA;P20083;PARCMIN-KAS;000140;Ouvert-;;;;;MINES;;JT504;STE1;JT;JT00;AUXILIAIRE;KAS;GEO-MINES;
15046;BSM 6101;Sortie d'article;17/12/2013;CA1491912;ELEMENT DE FILTRE A AIR CHAU / FILTER ELEMENT-CAB AIR  CAB;CA;602237;011;ED00;;1;U;39,9;39,9;USD;39,9;USD;M1-D;C43E3DR1;300021;MINES;;;;21617;OT permanent : machine JM551 sur chantier P20083;G.MUSAMPA;P20083;PARCMIN-KAS;000140;Ouvert-;;;;;MINES;;JM551;STE1;JM;JM00;PRODUCTION;KAS;GEO-MINES;
13496;BSM4835;Sortie d'article;04/10/2013;CA1491912;ELEMENT DE FILTRE A AIR CHAU / FILTER ELEMENT-CAB AIR  CAB;CA;602237;011;ED00;;1;U;39,9;39,9;USD;39,9;USD;M1-D;C43E3DR1;300021;MINES;;;;21617;OT permanent : machine JM551 sur chantier P20083;G.MUSAMPA;P20083;PARCMIN-KAS;000140;Ouvert-;;;;;MINES;;JM551;STE1;JM;JM00;PRODUCTION;KAS;GEO-MINES;
15046;BSM 6101;Sortie d'article;17/12/2013;CA6D9157;JOINT TORIQUE / SEAL-O-RING;CA;602237;013;ED00;;1;U;5,15;5,15;USD;5,15;USD;M1-D;C53E8DR3;300021;MINES;;;;21617;OT permanent : machine JM551 sur chantier P20083;G.MUSAMPA;P20083;PARCMIN-KAS;000140;Ouvert-;;;;;MINES;;JM551;STE1;JM;JM00;PRODUCTION;KAS;GEO-MINES;
14399;BSM4740;Sortie d'article;19/11/2013;CA5P8250;RONDELLE / WASHER : 28X49X5-MM THK;CA;602237;012;ED00;;7;U;2,17;15,21;USD;11,7;EUR;M1-E;C47GPL;300021;MINES;;;;ED5152012STE2P20083;OT permanent : machine ED515 sur chantier P20083;C.NTUMBA;P20083;PARCMIN-KAS;000140;Clôturé-;;;22/03/2022;;MINES;;ED515;STE2;ED;ED00;PRODUCTION;KGM;GEO-MINES;
14784;BSM5837;Sortie d'article;05/12/2013;CA4J9208;BOULON A TETE FRAISEE / BOLT-PLOW : 1-8 X 3.5 IN;CA;602237;012;ED00;;36;U;1,83;65,92;USD;50,7;EUR;M1-E;C8GPLA;300021;MINES;;;;ED5152012STE2P20083;OT permanent : machine ED515 sur chantier P20083;G.MUSAMPA;P20083;PARCMIN-KAS;000140;Clôturé-;;;22/03/2022;;MINES;;ED515;STE2;ED;ED00;PRODUCTION;KGM;GEO-MINES;
13378;BSM4524;Sortie d'article;01/10/2013;CA4J9208;BOULON A TETE FRAISEE / BOLT-PLOW : 1-8 X 3.5 IN;CA;602237;012;ED00;;36;U;1,83;65,92;USD;50,7;EUR;M1-E;C8GPLA;300021;MINES;;;;ED5152012STE2P20083;OT permanent : machine ED515 sur chantier P20083;G.MUSAMPA;P20083;PARCMIN-KAS;000140;Clôturé-;;;22/03/2022;;MINES;;ED515;STE2;ED;ED00;PRODUCTION;KGM;GEO-MINES;
13378;BSM4524;Sortie d'article;01/10/2013;CA2J3507;ECROU / NUT-FULL : 1X8-THD;CA;602237;012;ED00;;36;U;1,18;42,41;USD;32,62;EUR;M1-E;C8GPL A;300021;MINES;;;;ED5152012STE2P20083;OT permanent : machine ED515 sur chantier P20083;G.MUSAMPA;P20083;PARCMIN-KAS;000140;Clôturé-;;;22/03/2022;;MINES;;ED515;STE2;ED;ED00;PRODUCTION;KGM;GEO-MINES;
14784;BSM5837;Sortie d'article;05/12/2013;CA2J3507;ECROU / NUT-FULL : 1X8-THD;CA;602237;012;ED00;;36;U;1,18;42,41;USD;32,62;EUR;M1-E;C8GPL A;300021;MINES;;;;ED5152012STE2P20083;OT permanent : machine ED515 sur chantier P20083;G.MUSAMPA;P20083;PARCMIN-KAS;000140;Clôturé-;;;22/03/2022;;MINES;;ED515;STE2;ED;ED00;PRODUCTION;KGM;GEO-MINES;
13378;BSM4524;Sortie d'article;01/10/2013;CA1122471;LAME / EDGE-CUTTING;CA;602237;012;ED00;;2;U;285,28;570,56;USD;438,89;EUR;M1-E;PARCOASA1D;300021;MINES;;;;ED5152012STE2P20083;OT permanent : machine ED515 sur chantier P20083;G.MUSAMPA;P20083;PARCMIN-KAS;000140;Clôturé-;;;22/03/2022;;MINES;;ED515;STE2;ED;ED00;PRODUCTION;KGM;GEO-MINES;
14784;BSM5837;Sortie d'article;05/12/2013;CA8E4539;COIN DE LAME DROIT / END BIT RIGHT;CA;602237;012;ED00;;1;U;376,58;376,58;USD;289,68;EUR;M1-E;PARCOASA1D;300021;MINES;;;;ED5152012STE2P20083;OT permanent : machine ED515 sur chantier P20083;G.MUSAMPA;P20083;PARCMIN-KAS;000140;Clôturé-;;;22/03/2022;;MINES;;ED515;STE2;ED;ED00;PRODUCTION;KGM;GEO-MINES;
14784;BSM5837;Sortie d'article;05/12/2013;CA8E4540;COIN DE LAME GAUCHE / END BIT LEFT;CA;602237;012;ED00;;1;U;376,58;376,58;USD;289,68;EUR;M1-E;PARCOASA1D;300021;MINES;;;;ED5152012STE2P20083;OT permanent : machine ED515 sur chantier P20083;G.MUSAMPA;P20083;PARCMIN-KAS;000140;Clôturé-;;;22/03/2022;;MINES;;ED515;STE2;ED;ED00;PRODUCTION;KGM;GEO-MINES;
13378;BSM4524;Sortie d'article;01/10/2013;CA8E4539;COIN DE LAME DROIT / END BIT RIGHT;CA;602237;012;ED00;;1;U;376,58;376,58;USD;289,68;EUR;M1-E;PARCOASA1D;300021;MINES;;;;ED5152012STE2P20083;OT permanent : machine ED515 sur chantier P20083;G.MUSAMPA;P20083;PARCMIN-KAS;000140;Clôturé-;;;22/03/2022;;MINES;;ED515;STE2;ED;ED00;PRODUCTION;KGM;GEO-MINES;
13378;BSM4524;Sortie d'article;01/10/2013;CA8E4540;COIN DE LAME GAUCHE / END BIT LEFT;CA;602237;012;ED00;;1;U;376,58;376,58;USD;289,68;EUR;M1-E;PARCOASA1D;300021;MINES;;;;ED5152012STE2P20083;OT permanent : machine ED515 sur chantier P20083;G.MUSAMPA;P20083;PARCMIN-KAS;000140;Clôturé-;;;22/03/2022;;MINES;;ED515;STE2;ED;ED00;PRODUCTION;KGM;GEO-MINES;
13378;BSM4524;Sortie d'article;01/10/2013;CA9W7043;LAME D'ATTAQUE / CUTTING EDGE;CA;602237;012;ED00;;1;U;579,85;579,85;USD;446,03;EUR;M1-E;PARCOASA1D;300021;MINES;;;;ED5152012STE2P20083;OT permanent : machine ED515 sur chantier P20083;G.MUSAMPA;P20083;PARCMIN-KAS;000140;Clôturé-;;;22/03/2022;;MINES;;ED515;STE2;ED;ED00;PRODUCTION;KGM;GEO-MINES;
14880;BSM6012;Sortie d'article;11/12/2013;CA9W7043;LAME D'ATTAQUE / CUTTING EDGE;CA;602237;012;ED00;;1;U;579,85;579,85;USD;446,03;EUR;M1-E;PARCOASA1D;300021;MINES;;;;ED5162012STE2P20083;OT permanent : machine ED516 sur chantier P20083;G.MUSAMPA;P20083;PARCMIN-KAS;000140;Ouvert-;;;;;MINES;;ED516;STE2;ED;ED00;PRODUCTION;KGM;GEO-MINES;
15004;BSM6047;Sortie d'article;16/12/2013;CA8C6857;BOULON / BOLT;CA;602237;016;ED00;;4;U;3,46;13,83;USD;10,64;EUR;M1-E;C8E2DR2;300021;MINES;;;;ED5162012STE2P20083;OT permanent : machine ED516 sur chantier P20083;G.MUSAMPA;P20083;PARCMIN-KAS;000140;Ouvert-;;;;;MINES;;ED516;STE2;ED;ED00;PRODUCTION;KGM;GEO-MINES;
14880;BSM6012;Sortie d'article;11/12/2013;CA8E4540;COIN DE LAME GAUCHE / END BIT LEFT;CA;602237;012;ED00;;1;U;376,58;376,58;USD;289,68;EUR;M1-E;PARCOASA1D;300021;MINES;;;;ED5162012STE2P20083;OT permanent : machine ED516 sur chantier P20083;G.MUSAMPA;P20083;PARCMIN-KAS;000140;Ouvert-;;;;;MINES;;ED516;STE2;ED;ED00;PRODUCTION;KGM;GEO-MINES;
14880;BSM6012;Sortie d'article;11/12/2013;CA8C6857;BOULON / BOLT;CA;602237;016;ED00;;6;U;3,46;20,74;USD;15,96;EUR;M1-E;C8E2DR2;300021;MINES;;;;ED5162012STE2P20083;OT permanent : machine ED516 sur chantier P20083;G.MUSAMPA;P20083;PARCMIN-KAS;000140;Ouvert-;;;;;MINES;;ED516;STE2;ED;ED00;PRODUCTION;KGM;GEO-MINES;
14880;BSM6012;Sortie d'article;11/12/2013;CA1122471;LAME / EDGE-CUTTING;CA;602237;012;ED00;;2;U;285,28;570,56;USD;438,89;EUR;M1-E;PARCOASA1D;300021;MINES;;;;ED5162012STE2P20083;OT permanent : machine ED516 sur chantier P20083;G.MUSAMPA;P20083;PARCMIN-KAS;000140;Ouvert-;;;;;MINES;;ED516;STE2;ED;ED00;PRODUCTION;KGM;GEO-MINES;
13530;BSM 4847;Sortie d'article;07/10/2013;CA1122471;LAME / EDGE-CUTTING;CA;602237;012;ED00;;2;U;285,28;570,56;USD;438,89;EUR;M1-E;PARCOASA1D;300021;MINES;;;;ED5172012STE2P20083;OT permanent : machine ED517 sur chantier P20083;G.MUSAMPA;P20083;PARCMIN-KAS;000140;Ouvert-;;;;;MINES;;ED517;STE2;ED;ED00;PRODUCTION;KGM;GEO-MINES;
13530;BSM 4847;Sortie d'article;07/10/2013;CA2J3507;ECROU / NUT-FULL : 1X8-THD;CA;602237;012;ED00;;36;U;1,18;42,41;USD;32,62;EUR;M1-E;C8GPL A;300021;MINES;;;;ED5172012STE2P20083;OT permanent : machine ED517 sur chantier P20083;G.MUSAMPA;P20083;PARCMIN-KAS;000140;Ouvert-;;;;;MINES;;ED517;STE2;ED;ED00;PRODUCTION;KGM;GEO-MINES;
13530;BSM 4847;Sortie d'article;07/10/2013;CA4J9208;BOULON A TETE FRAISEE / BOLT-PLOW : 1-8 X 3.5 IN;CA;602237;012;ED00;;36;U;1,83;65,92;USD;50,7;EUR;M1-E;C8GPLA;300021;MINES;;;;ED5172012STE2P20083;OT permanent : machine ED517 sur chantier P20083;G.MUSAMPA;P20083;PARCMIN-KAS;000140;Ouvert-;;;;;MINES;;ED517;STE2;ED;ED00;PRODUCTION;KGM;GEO-MINES;
13530;BSM 4847;Sortie d'article;07/10/2013;CA9W7043;LAME D'ATTAQUE / CUTTING EDGE;CA;602237;012;ED00;;1;U;579,85;579,85;USD;446,03;EUR;M1-E;PARCOASA1D;300021;MINES;;;;ED5172012STE2P20083;OT permanent : machine ED517 sur chantier P20083;G.MUSAMPA;P20083;PARCMIN-KAS;000140;Ouvert-;;;;;MINES;;ED517;STE2;ED;ED00;PRODUCTION;KGM;GEO-MINES;
13530;BSM 4847;Sortie d'article;07/10/2013;CA8E4539;COIN DE LAME DROIT / END BIT RIGHT;CA;602237;012;ED00;;1;U;376,58;376,58;USD;289,68;EUR;M1-E;PARCOASA1D;300021;MINES;;;;ED5172012STE2P20083;OT permanent : machine ED517 sur chantier P20083;G.MUSAMPA;P20083;PARCMIN-KAS;000140;Ouvert-;;;;;MINES;;ED517;STE2;ED;ED00;PRODUCTION;KGM;GEO-MINES;
13530;BSM 4847;Sortie d'article;07/10/2013;CA8E4540;COIN DE LAME GAUCHE / END BIT LEFT;CA;602237;012;ED00;;1;U;376,58;376,58;USD;289,68;EUR;M1-E;PARCOASA1D;300021;MINES;;;;ED5172012STE2P20083;OT permanent : machine ED517 sur chantier P20083;G.MUSAMPA;P20083;PARCMIN-KAS;000140;Ouvert-;;;;;MINES;;ED517;STE2;ED;ED00;PRODUCTION;KGM;GEO-MINES;
13794;BSM4620;Sortie d'article;18/10/2013;CA1065122;RÉFRIGÉRANT DE COMPRESSEUR / COMPRESSOR GP-REFRIGERANT;CA;602237;013;ED00;;1;U;686,61;686,61;USD;686,61;USD;MB-D;GME5GR1;300021;MINES;;;;ED5172012STR2P20083;OT permanent : machine ED517 sur chantier P20083;L.KABANGU;P20083;PARCMIN-KAS;000140;Ouvert-;;;;;MINES;;ED517;STR2;ED;ED00;PRODUCTION;KGM;GEO-MINES;
13967;BSM3328;Sortie d'article;26/10/2013;CA3056843;SPRING GUIDE;CA;602237;016;ED00;;16;U;8,88;142,08;USD;142,08;USD;M1-D;C47E8DR4;300021;MINES;;;;ED5172012STR2P20083;OT permanent : machine ED517 sur chantier P20083;T.BREST;P20083;PARCMIN-KAS;000140;Ouvert-;;;;;MINES;;ED517;STR2;ED;ED00;PRODUCTION;KGM;GEO-MINES;
13969;BSM4727;Sortie d'article;26/10/2013;CA1152460;JEU DE 4 COURROIES TRAPEZOID / V-BELT SET INCLUDES 4-BELTS;CA;602237;013;ED00;;1;U;205,62;205,62;USD;205,62;USD;M1-D;C47PX;300021;MINES;;;;ED5172012STR2P20083;OT permanent : machine ED517 sur chantier P20083;L.KABANGU;P20083;PARCMIN-KAS;000140;Ouvert-;;;;;MINES;;ED517;STR2;ED;ED00;PRODUCTION;KGM;GEO-MINES;
14877;BSM6008;Sortie d'article;11/12/2013;CA1152460;JEU DE 4 COURROIES TRAPEZOID / V-BELT SET INCLUDES 4-BELTS;CA;602237;013;ED00;;1;U;205,62;205,62;USD;205,62;USD;M1-D;C47PX;300021;MINES;;;;ED5172012STR2P20083;OT permanent : machine ED517 sur chantier P20083;JL.GASTAL;P20083;PARCMIN-KAS;000140;Ouvert-;;;;;MINES;;ED517;STR2;ED;ED00;PRODUCTION;KGM;GEO-MINES;
14138;BSM5300;Sortie d'article;07/11/2013;CA1238686;DÉMARREUR / STARTING MOTOR GP-ELECTRIC;CA;602237;013;ED00;;1;U;4418,1;4418,1;USD;3398,54;EUR;M1-E;C53E3DR4;300021;MINES;;;;ED5172012STR2P20083;OT permanent : machine ED517 sur chantier P20083;D.GUILLEMENT;P20083;PARCMIN-KAS;000140;Ouvert-;;;;;MINES;;ED517;STR2;ED;ED00;PRODUCTION;KGM;GEO-MINES;
13694;BSM2914;Sortie d'article;15/10/2013;CA8C6857;BOULON / BOLT;CA;602237;016;ED00;;1;U;3,46;3,46;USD;2,66;EUR;M1-E;C47E9DR3;300021;MINES;;;;ED5182012STE2P20083;OT permanent : machine ED518 sur chantier P20083;G.MUSAMPA;P20083;PARCMIN-KAS;000140;Clôturé-;;;06/10/2022;;MINES;;ED518;STE2;ED;ED00;PRODUCTION;KGM;GEO-MINES;
13519;BSM4607;Sortie d'article;06/10/2013;CA1458740;BRAS D'ESSUIE-GLACE PORTE GA / ARM GP-WINDOW WIPER  DOOR, L;CA;602237;013;ED00;;1;U;18,41;18,41;USD;14,16;EUR;MB-E;GME8PL;300021;MINES;;;;ED5182012STR2P20083;OT permanent : machine ED518 sur chantier P20083;T.BREST;P20083;PARCMIN-KAS;000140;Ouvert-;;;06/10/2022;;MINES;;ED518;STR2;ED;ED00;PRODUCTION;KGM;GEO-MINES;
13519;BSM4607;Sortie d'article;06/10/2013;CA1458739;BRAS D'ESSUIE-GLACE PORTE DR / ARM GP-WINDOW WIPER  DOOR, R;CA;602237;013;ED00;;1;U;18,41;18,41;USD;14,16;EUR;MB-E;GME8PL;300021;MINES;;;;ED5182012STR2P20083;OT permanent : machine ED518 sur chantier P20083;T.BREST;P20083;PARCMIN-KAS;000140;Ouvert-;;;06/10/2022;;MINES;;ED518;STR2;ED;ED00;PRODUCTION;KGM;GEO-MINES;
14878;BSM6009;Sortie d'article;11/12/2013;CA1122471;LAME / EDGE-CUTTING;CA;602237;012;ED00;;2;U;285,28;570,56;USD;438,89;EUR;M1-E;PARCOASA1D;300021;MINES;;;;ED5192012STE2P20083;OT permanent : machine ED519 sur chantier P20083;G.MUSAMPA;P20083;PARCMIN-KAS;000140;Clôturé-;;;06/10/2022;;MINES;;ED519;STE2;ED;ED00;PRODUCTION;KGM;GEO-MINES;
14878;BSM6009;Sortie d'article;11/12/2013;CA9W7043;LAME D'ATTAQUE / CUTTING EDGE;CA;602237;012;ED00;;1;U;579,85;579,85;USD;446,03;EUR;M1-E;PARCOASA1D;300021;MINES;;;;ED5192012STE2P20083;OT permanent : machine ED519 sur chantier P20083;G.MUSAMPA;P20083;PARCMIN-KAS;000140;Clôturé-;;;06/10/2022;;MINES;;ED519;STE2;ED;ED00;PRODUCTION;KGM;GEO-MINES;
14878;BSM6009;Sortie d'article;11/12/2013;CA8E4540;COIN DE LAME GAUCHE / END BIT LEFT;CA;602237;012;ED00;;1;U;376,58;376,58;USD;289,68;EUR;M1-E;PARCOASA1D;300021;MINES;;;;ED5192012STE2P20083;OT permanent : machine ED519 sur chantier P20083;G.MUSAMPA;P20083;PARCMIN-KAS;000140;Clôturé-;;;06/10/2022;;MINES;;ED519;STE2;ED;ED00;PRODUCTION;KGM;GEO-MINES;
13521;BSM4610 ET 4611;Sortie d'article;06/10/2013;CA1142687;JOINT TORIQUE / SEAL-O-RING;CA;602237;013;ED00;;10;U;4,1;41;USD;41;USD;MB-D;GME6GR3;300021;MINES;;;;ED5192012STR2P20083;OT permanent : machine ED519 sur chantier P20083;G.MUSAMPA;P20083;PARCMIN-KAS;000140;Ouvert-;;;06/10/2022;;MINES;;ED519;STR2;ED;ED00;PRODUCTION;KGM;GEO-MINES;
13521;BSM4610 ET 4611;Sortie d'article;06/10/2013;CA1299416;JOINT / GASKET;CA;602237;013;ED00;;1;U;6,22;6,22;USD;6,22;USD;MB-D;GME6GR3;300021;MINES;;;;ED5192012STR2P20083;OT permanent : machine ED519 sur chantier P20083;G.MUSAMPA;P20083;PARCMIN-KAS;000140;Ouvert-;;;06/10/2022;;MINES;;ED519;STR2;ED;ED00;PRODUCTION;KGM;GEO-MINES;
13521;BSM4610 ET 4611;Sortie d'article;06/10/2013;CA4N7253;JOINT DE CHAMBRE / GASKET-CHAMBER;CA;602237;013;ED00;;10;U;2,21;22,1;USD;22,1;USD;MB-D;GME6GR3;300021;MINES;;;;ED5192012STR2P20083;OT permanent : machine ED519 sur chantier P20083;G.MUSAMPA;P20083;PARCMIN-KAS;000140;Ouvert-;;;06/10/2022;;MINES;;ED519;STR2;ED;ED00;PRODUCTION;KGM;GEO-MINES;
13521;BSM4610 ET 4611;Sortie d'article;06/10/2013;CA1432605;KIT DE JOINT / GASKET KIT;CA;602237;013;ED00;;1;U;584,49;584,49;USD;584,49;USD;MB-D;GME6GR3;300021;MINES;;;;ED5192012STR2P20083;OT permanent : machine ED519 sur chantier P20083;G.MUSAMPA;P20083;PARCMIN-KAS;000140;Ouvert-;;;06/10/2022;;MINES;;ED519;STR2;ED;ED00;PRODUCTION;KGM;GEO-MINES;
13785;BSM5351;Sortie d'article;17/10/2013;CA7L4774;JOINT TORIQUE  / SEAL O RING;CA;602237;013;ED00;;20;U;2,63;52,52;USD;52,52;USD;MB-D;GM;300021;MINES;;;;ED5192012STR2P20083;OT permanent : machine ED519 sur chantier P20083;T.BREST;P20083;PARCMIN-KAS;000140;Ouvert-;;;06/10/2022;;MINES;;ED519;STR2;ED;ED00;PRODUCTION;KGM;GEO-MINES;
15056;BSM3199;Sortie d'article;18/12/2013;CA1718708;COMMUTATEUR DE DÉBIT DE RÉFR / SWITCH GP-FLOW  ENGINE COOLA;CA;602237;013;ED00;;1;U;170,5;170,5;USD;131,15;EUR;MB-E;GME5GR1;300021;MINES;;;;ED5192012STR2P20083;OT permanent : machine ED519 sur chantier P20083;T.BREST;P20083;PARCMIN-KAS;000140;Ouvert-;;;06/10/2022;;MINES;;ED519;STR2;ED;ED00;PRODUCTION;KGM;GEO-MINES;
15056;BSM3199;Sortie d'article;18/12/2013;CA4N3841;JOINT / GASKET;CA;602237;013;ED00;;10;U;1,16;11,6;USD;8,92;EUR;MB-E;GME5GR1;300021;MINES;;;;ED5192012STR2P20083;OT permanent : machine ED519 sur chantier P20083;T.BREST;P20083;PARCMIN-KAS;000140;Ouvert-;;;06/10/2022;;MINES;;ED519;STR2;ED;ED00;PRODUCTION;KGM;GEO-MINES;
13521;BSM4610 ET 4611;Sortie d'article;06/10/2013;CA4H9541;JOINT / GASKET;CA;602237;013;ED00;;10;U;0,94;9,4;USD;9,4;USD;MB-D;GME6GR3;300021;MINES;;;;ED5192012STR2P20083;OT permanent : machine ED519 sur chantier P20083;G.MUSAMPA;P20083;PARCMIN-KAS;000140;Ouvert-;;;06/10/2022;;MINES;;ED519;STR2;ED;ED00;PRODUCTION;KGM;GEO-MINES;
13521;BSM4610 ET 4611;Sortie d'article;06/10/2013;CA7N7628;JOINT /GASKET;CA;602237;013;ED00;;25;U;0,84;21;USD;21;USD;MB-D;GME6GR3;300021;MINES;;;;ED5192012STR2P20083;OT permanent : machine ED519 sur chantier P20083;G.MUSAMPA;P20083;PARCMIN-KAS;000140;Ouvert-;;;06/10/2022;;MINES;;ED519;STR2;ED;ED00;PRODUCTION;KGM;GEO-MINES;
13521;BSM4610 ET 4611;Sortie d'article;06/10/2013;CA4L8337;JOINT TORIQUE / SEAL-O-RING;CA;602237;013;ED00;;5;U;11,39;56,95;USD;56,95;USD;MB-D;GME6GR3;300021;MINES;;;;ED5192012STR2P20083;OT permanent : machine ED519 sur chantier P20083;G.MUSAMPA;P20083;PARCMIN-KAS;000140;Ouvert-;;;06/10/2022;;MINES;;ED519;STR2;ED;ED00;PRODUCTION;KGM;GEO-MINES;
13521;BSM4610 ET 4611;Sortie d'article;06/10/2013;CA1240662;DOUILLE 3/4  / SOCKET 3/4;CA;602237;013;ED00;;2;U;139,13;278,26;USD;278,26;USD;MB-D;GME6GR3;300021;MINES;;;;ED5192012STR2P20083;OT permanent : machine ED519 sur chantier P20083;G.MUSAMPA;P20083;PARCMIN-KAS;000140;Ouvert-;;;06/10/2022;;MINES;;ED519;STR2;ED;ED00;PRODUCTION;KGM;GEO-MINES;
13417;BSM4550;Sortie d'article;02/10/2013;CA1152460;JEU DE 4 COURROIES TRAPEZOID / V-BELT SET INCLUDES 4-BELTS;CA;602237;013;ED00;;1;U;205,62;205,62;USD;205,62;USD;M1-D;C47PX;300021;MINES;;;;ED5192012STR2P20083;OT permanent : machine ED519 sur chantier P20083;L.WAMANA;P20083;PARCMIN-KAS;000140;Ouvert-;;;06/10/2022;;MINES;;ED519;STR2;ED;ED00;PRODUCTION;KGM;GEO-MINES;
13639;BSM4970;Sortie d'article;10/10/2013;CA3056843;SPRING GUIDE;CA;602237;016;ED00;;16;U;8,88;142,08;USD;142,08;USD;M1-D;C47E8DR4;300021;MINES;;;;ED5192012STR2P20083;OT permanent : machine ED519 sur chantier P20083;L.KABANGU;P20083;PARCMIN-KAS;000140;Ouvert-;;;06/10/2022;;MINES;;ED519;STR2;ED;ED00;PRODUCTION;KGM;GEO-MINES;
13493;BSM4834;Sortie d'article;04/10/2013;CA4J9208;BOULON A TETE FRAISEE / BOLT-PLOW : 1-8 X 3.5 IN;CA;602237;012;ED00;;36;U;1,83;65,92;USD;50,7;EUR;M1-E;C8GPLA;300021;MINES;;;;ED5202012STE2P20083;OT permanent : machine ED520 sur chantier P20083;G.MUSAMPA;P20083;PARCMIN-KAS;000140;Ouvert-;;;;;MINES;;ED520;STE2;ED;ED00;PRODUCTION;KGM;GEO-MINES;
14884;BSM6015;Sortie d'article;11/12/2013;CA1122471;LAME / EDGE-CUTTING;CA;602237;012;ED00;;2;U;285,28;570,56;USD;438,89;EUR;M1-E;PARCOASA1D;300021;MINES;;;;ED5202012STE2P20083;OT permanent : machine ED520 sur chantier P20083;G.MUSAMPA;P20083;PARCMIN-KAS;000140;Ouvert-;;;;;MINES;;ED520;STE2;ED;ED00;PRODUCTION;KGM;GEO-MINES;
13493;BSM4834;Sortie d'article;04/10/2013;CA1122471;LAME / EDGE-CUTTING;CA;602237;012;ED00;;2;U;285,28;570,56;USD;438,89;EUR;M1-E;PARCOASA1D;300021;MINES;;;;ED5202012STE2P20083;OT permanent : machine ED520 sur chantier P20083;G.MUSAMPA;P20083;PARCMIN-KAS;000140;Ouvert-;;;;;MINES;;ED520;STE2;ED;ED00;PRODUCTION;KGM;GEO-MINES;
13493;BSM4834;Sortie d'article;04/10/2013;CA2J3507;ECROU / NUT-FULL : 1X8-THD;CA;602237;012;ED00;;36;U;1,18;42,41;USD;32,62;EUR;M1-E;C8GPL A;300021;MINES;;;;ED5202012STE2P20083;OT permanent : machine ED520 sur chantier P20083;G.MUSAMPA;P20083;PARCMIN-KAS;000140;Ouvert-;;;;;MINES;;ED520;STE2;ED;ED00;PRODUCTION;KGM;GEO-MINES;
14884;BSM6015;Sortie d'article;11/12/2013;CA9W7043;LAME D'ATTAQUE / CUTTING EDGE;CA;602237;012;ED00;;1;U;579,85;579,85;USD;446,03;EUR;M1-E;PARCOASA1D;300021;MINES;;;;ED5202012STE2P20083;OT permanent : machine ED520 sur chantier P20083;G.MUSAMPA;P20083;PARCMIN-KAS;000140;Ouvert-;;;;;MINES;;ED520;STE2;ED;ED00;PRODUCTION;KGM;GEO-MINES;
13493;BSM4834;Sortie d'article;04/10/2013;CA9W7043;LAME D'ATTAQUE / CUTTING EDGE;CA;602237;012;ED00;;1;U;579,85;579,85;USD;446,03;EUR;M1-E;PARCOASA1D;300021;MINES;;;;ED5202012STE2P20083;OT permanent : machine ED520 sur chantier P20083;G.MUSAMPA;P20083;PARCMIN-KAS;000140;Ouvert-;;;;;MINES;;ED520;STE2;ED;ED00;PRODUCTION;KGM;GEO-MINES;
14884;BSM6015;Sortie d'article;11/12/2013;CA8E4539;COIN DE LAME DROIT / END BIT RIGHT;CA;602237;012;ED00;;1;U;376,58;376,58;USD;289,68;EUR;M1-E;PARCOASA1D;300021;MINES;;;;ED5202012STE2P20083;OT permanent : machine ED520 sur chantier P20083;G.MUSAMPA;P20083;PARCMIN-KAS;000140;Ouvert-;;;;;MINES;;ED520;STE2;ED;ED00;PRODUCTION;KGM;GEO-MINES;
14884;BSM6015;Sortie d'article;11/12/2013;CA8E4540;COIN DE LAME GAUCHE / END BIT LEFT;CA;602237;012;ED00;;1;U;376,58;376,58;USD;289,68;EUR;M1-E;PARCOASA1D;300021;MINES;;;;ED5202012STE2P20083;OT permanent : machine ED520 sur chantier P20083;G.MUSAMPA;P20083;PARCMIN-KAS;000140;Ouvert-;;;;;MINES;;ED520;STE2;ED;ED00;PRODUCTION;KGM;GEO-MINES;
13493;BSM4834;Sortie d'article;04/10/2013;CA8E4539;COIN DE LAME DROIT / END BIT RIGHT;CA;602237;012;ED00;;1;U;376,58;376,58;USD;289,68;EUR;M1-E;PARCOASA1D;300021;MINES;;;;ED5202012STE2P20083;OT permanent : machine ED520 sur chantier P20083;G.MUSAMPA;P20083;PARCMIN-KAS;000140;Ouvert-;;;;;MINES;;ED520;STE2;ED;ED00;PRODUCTION;KGM;GEO-MINES;
13493;BSM4834;Sortie d'article;04/10/2013;CA8E4540;COIN DE LAME GAUCHE / END BIT LEFT;CA;602237;012;ED00;;1;U;376,58;376,58;USD;289,68;EUR;M1-E;PARCOASA1D;300021;MINES;;;;ED5202012STE2P20083;OT permanent : machine ED520 sur chantier P20083;G.MUSAMPA;P20083;PARCMIN-KAS;000140;Ouvert-;;;;;MINES;;ED520;STE2;ED;ED00;PRODUCTION;KGM;GEO-MINES;
14813;BSM3191;Sortie d'article;06/12/2013;CA1303281;PREFILTRE A CYCLONE / PRECLEANER AS AIR TURBINE;CA;602237;011;ED00;;1;U;585,28;585,28;USD;585,28;USD;MB-D;GME7GR1;300021;MINES;;;;ED5202012STR2P20083;OT permanent : machine ED520 sur chantier P20083;G.MUSAMPA;P20083;PARCMIN-KAS;000140;Ouvert-;;;;;MINES;;ED520;STR2;ED;ED00;PRODUCTION;KGM;GEO-MINES;
14812;BSM3191;Sortie d'article;06/12/2013;CA8T9312;BOULON / BOLT;CA;602237;013;ED00;;2;U;7,89;15,78;USD;15,78;USD;MB-D;GME6GR1;300021;MINES;;;;ED5202012STR2P20083;OT permanent : machine ED520 sur chantier P20083;G.MUSAMPA;P20083;PARCMIN-KAS;000140;Ouvert-;;;;;MINES;;ED520;STR2;ED;ED00;PRODUCTION;KGM;GEO-MINES;
14812;BSM3191;Sortie d'article;06/12/2013;CA7X0392;BOULON / BOLT;CA;602237;013;ED00;;2;U;10,73;21,46;USD;21,46;USD;MB-D;GME6GR1;300021;MINES;;;;ED5202012STR2P20083;OT permanent : machine ED520 sur chantier P20083;G.MUSAMPA;P20083;PARCMIN-KAS;000140;Ouvert-;;;;;MINES;;ED520;STR2;ED;ED00;PRODUCTION;KGM;GEO-MINES;
14814;BSM3192;Sortie d'article;06/12/2013;CA3086335;MOTEUR ÉLECTRIQUE VENTILATEU / MOTOR GP-ELECTRIC  CONDENSER;CA;602237;013;ED00;;2;U;231,03;462,06;USD;462,06;USD;MB-D;GME6GR1;300021;MINES;;;;ED5202012STR2P20083;OT permanent : machine ED520 sur chantier P20083;G.MUSAMPA;P20083;PARCMIN-KAS;000140;Ouvert-;;;;;MINES;;ED520;STR2;ED;ED00;PRODUCTION;KGM;GEO-MINES;
14108;5271;Sortie d'article;06/11/2013;CA1327166;ÉLÉMENT DE FILTRE À AIR PRIM / FILTER ELEMENT AS-AIR PRIMAR;CA;602237;011;ED00;;1;U;98,29;98,29;USD;98,29;USD;M1-D;C48GPN4;300021;MINES;;;;ED5202012STR2P20083;OT permanent : machine ED520 sur chantier P20083;C.NTUMBA;P20083;PARCMIN-KAS;000140;Ouvert-;;;;;MINES;;ED520;STR2;ED;ED00;PRODUCTION;KGM;GEO-MINES;
14009;BSM5149;Sortie d'article;30/10/2013;CA1254655;ROUE DE TENSION / IDLER GP-TRACK;CA;602237;016;ED00;;4;U;3236,78;12947,12;USD;12947,12;USD;M1-D;PARC TDR;300021;MINES;;;;ED5202012STU1P20083;OT permanent : machine ED520 sur chantier P20083;T.BREST;P20083;PARCMIN-KAS;000140;Ouvert-;;;;;MINES;;ED520;STU1;ED;ED00;PRODUCTION;KGM;GEO-MINES;
14014;BSM5254;Sortie d'article;30/10/2013;CA1311651;BOUCHON DE GALET / CAP AS-TRACK ROLLER;CA;602237;016;ED00;;2;U;39,31;78,62;USD;78,62;USD;M1-D;C8DPL;300021;MINES;;;;ED5202012STU1P20083;OT permanent : machine ED520 sur chantier P20083;R.CHAMPION;P20083;PARCMIN-KAS;000140;Ouvert-;;;;;MINES;;ED520;STU1;ED;ED00;PRODUCTION;KGM;GEO-MINES;
14009;BSM5149;Sortie d'article;30/10/2013;CA1969954;GALET DE CHENILLE DOUBLE ÉPA / ROLLER GP-TRAC;CA;602237;016;ED00;;8;U;784,33;6274,64;USD;6274,64;USD;M1-D;PARC TDR;300021;MINES;;;;ED5202012STU1P20083;OT permanent : machine ED520 sur chantier P20083;T.BREST;P20083;PARCMIN-KAS;000140;Ouvert-;;;;;MINES;;ED520;STU1;ED;ED00;PRODUCTION;KGM;GEO-MINES;
14009;BSM5149;Sortie d'article;30/10/2013;CA1969955;GALET DE CHENILLE SIMPLE ÉPA / ROLLER GP-TRAC;CA;602237;016;ED00;;8;U;739,91;5919,28;USD;5919,28;USD;M1-D;PARC TDR;300021;MINES;;;;ED5202012STU1P20083;OT permanent : machine ED520 sur chantier P20083;T.BREST;P20083;PARCMIN-KAS;000140;Ouvert-;;;;;MINES;;ED520;STU1;ED;ED00;PRODUCTION;KGM;GEO-MINES;
14349;BSM5149;Sortie d'article;15/11/2013;CA1844395;GUIDE / GUIDE;CA;602237;016;ED00;;6;U;72,14;432,84;USD;432,84;USD;M1-D;PARC TDR;300021;MINES;;;;ED5202012STU1P20083;OT permanent : machine ED520 sur chantier P20083;D.GUILLEMENT;P20083;PARCMIN-KAS;000140;Ouvert-;;;;;MINES;;ED520;STU1;ED;ED00;PRODUCTION;KGM;GEO-MINES;
14015;BSM5255;Sortie d'article;30/10/2013;CA6T1140;BOULON DE SUPPORT DE GALET / BOLT-ROLLER MOUN;CA;602237;016;ED00;;64;U;3,18;203,36;USD;203,36;USD;M1-D;C8E2DR6;300021;MINES;;;;ED5202012STU1P20083;OT permanent : machine ED520 sur chantier P20083;D.GUILLEMENT;P20083;PARCMIN-KAS;000140;Ouvert-;;;;;MINES;;ED520;STU1;ED;ED00;PRODUCTION;KGM;GEO-MINES;
14015;BSM5255;Sortie d'article;30/10/2013;CA9W4480;BOULON / BOLT;CA;602237;016;ED00;;24;U;8,5;204;USD;204;USD;M1-D;C8E1DR6;300021;MINES;;;;ED5202012STU1P20083;OT permanent : machine ED520 sur chantier P20083;D.GUILLEMENT;P20083;PARCMIN-KAS;000140;Ouvert-;;;;;MINES;;ED520;STU1;ED;ED00;PRODUCTION;KGM;GEO-MINES;
14279;BSM2948;Sortie d'article;13/11/2013;CA1J6762;BOULON À TÊTE FRAISÉE  / BOLT-PLOW : 3/4-10X3-IN;CA;602237;012;ED00;;9;U;1,01;9,11;USD;7,01;EUR;M1-E;C8GPL B;300021;MINES;;;;FC5072012STE2P20083;OT permanent : machine FC507 sur chantier P20083;G.MUSAMPA;P20083;PARCMIN-KAS;000140;Ouvert-;;;;;MINES;;FC507;STE2;FC;FC01;PRODUCTION;KAS;GEO-MINES;
14523;BSM 5223;Sortie d'article;21/11/2013;CA6D9157;JOINT TORIQUE / SEAL-O-RING;CA;602237;013;ED00;;1;U;5,15;5,15;USD;5,15;USD;M1-D;C53E8DR3;300021;MINES;;;;FC5072012STR2P20083;OT permanent : machine FC507 sur chantier P20083;I.BASIKABA;P20083;PARCMIN-KAS;000140;Ouvert-;;;;;MINES;;FC507;STR2;FC;FC01;PRODUCTION;KAS;GEO-MINES;
14047;BSM4729;Sortie d'article;31/10/2013;CA4D7542;BANDE / STRIP;CA;602237;012;ED00;;4;U;62,56;250,24;USD;192,49;EUR;M1-E;C47E1DR1;300021;MINES;;;;FC5072012STR2P20083;OT permanent : machine FC507 sur chantier P20083;L.KABANGU;P20083;PARCMIN-KAS;000140;Ouvert-;;;;;MINES;;FC507;STR2;FC;FC01;PRODUCTION;KAS;GEO-MINES;
14129;BSM5293;Sortie d'article;07/11/2013;CA3026331;CALE GDE COURONNE /STRIP-WEAR;CA;602237;013;ED00;;6;U;57,2;343,2;USD;264;EUR;M1-E;C47GSOL;300021;MINES;;;;FC5072012STR2P20083;OT permanent : machine FC507 sur chantier P20083;D.GUILLEMENT;P20083;PARCMIN-KAS;000140;Ouvert-;;;;;MINES;;FC507;STR2;FC;FC01;PRODUCTION;KAS;GEO-MINES;
15088;BSM6116;Sortie d'article;21/12/2013;CA3487889;COURROIE / BELT;CA;602237;013;ED00;;1;U;42,83;42,83;USD;42,83;USD;M1-D;C47GPC;300021;MINES;;;;FC5072012STR2P20083;OT permanent : machine FC507 sur chantier P20083;L.KABANGU;P20083;PARCMIN-KAS;000140;Ouvert-;;;;;MINES;;FC507;STR2;FC;FC01;PRODUCTION;KAS;GEO-MINES;
13667;BSM4980;Sortie d'article;11/10/2013;CA2J3507;ECROU / NUT-FULL : 1X8-THD;CA;602237;012;ED00;;8;U;1,18;9,42;USD;7,25;EUR;M1-E;C8GPL A;300021;MINES;;;;HD5042012STE2P20083;OT permanent : machine HD504 sur chantier P20083;L.KABANGU;P20083;PARCMIN-KAS;000140;Ouvert-;;;;;MINES;;HD504;STE2;HD;HD01;PRODUCTION;KAS;GEO-MINES;
15050;BSM 6107;Sortie d'article;17/12/2013;CA2J3507;ECROU / NUT-FULL : 1X8-THD;CA;602237;012;ED00;;14;U;1,18;16,49;USD;12,69;EUR;M1-E;C8GPL A;300021;MINES;;;;HD5042012STE2P20083;OT permanent : machine HD504 sur chantier P20083;L.KABANGU;P20083;PARCMIN-KAS;000140;Ouvert-;;;;;MINES;;HD504;STE2;HD;HD01;PRODUCTION;KAS;GEO-MINES;
15050;BSM 6107;Sortie d'article;17/12/2013;CA5P8250;RONDELLE / WASHER : 28X49X5-MM THK;CA;602237;012;ED00;;8;U;2,17;17,38;USD;13,37;EUR;M1-E;C47GPL;300021;MINES;;;;HD5042012STE2P20083;OT permanent : machine HD504 sur chantier P20083;L.KABANGU;P20083;PARCMIN-KAS;000140;Ouvert-;;;;;MINES;;HD504;STE2;HD;HD01;PRODUCTION;KAS;GEO-MINES;
15049;BSM 6107;Sortie d'article;17/12/2013;CA1J5607;BOULON À TÊTE FRAISÉE 1 - 8  / BOLT-PLOW 1-8X2.75-IN Type:;CA;602237;012;ED00;;8;U;3,85;30,8;USD;30,8;USD;M1-D;C8E1DR3;300021;MINES;;;;HD5042012STE2P20083;OT permanent : machine HD504 sur chantier P20083;L.KABANGU;P20083;PARCMIN-KAS;000140;Ouvert-;;;;;MINES;;HD504;STE2;HD;HD01;PRODUCTION;KAS;GEO-MINES;
13666;BSM4980;Sortie d'article;11/10/2013;CA1J5607;BOULON À TÊTE FRAISÉE 1 - 8  / BOLT-PLOW 1-8X2.75-IN Type:;CA;602237;012;ED00;;8;U;3,85;30,8;USD;30,8;USD;M1-D;C47E9DR2;300021;MINES;;;;HD5042012STE2P20083;OT permanent : machine HD504 sur chantier P20083;L.KABANGU;P20083;PARCMIN-KAS;000140;Ouvert-;;;;;MINES;;HD504;STE2;HD;HD01;PRODUCTION;KAS;GEO-MINES;
14042;BSM5256;Sortie d'article;31/10/2013;CA5P8250;RONDELLE / WASHER : 28X49X5-MM THK;CA;602237;012;ED00;;48;U;2,17;104,3;USD;80,23;EUR;M1-E;C47GPL;300021;MINES;;;;HD5052012STE2P20083;OT permanent : machine HD505 sur chantier P20083;L.KABANGU;P20083;PARCMIN-KAS;000140;Clôturé-;;;08/10/2021;;MINES;;HD505;STE2;HD;HD01;PRODUCTION;KGM;GEO-MINES;
14994;BSM6037;Sortie d'article;16/12/2013;CA2J3507;ECROU / NUT-FULL : 1X8-THD;CA;602237;012;ED00;;40;U;1,18;47,12;USD;36,25;EUR;M1-E;C8GPL A;300021;MINES;;;;HD5052012STE2P20083;OT permanent : machine HD505 sur chantier P20083;G.MUSAMPA;P20083;PARCMIN-KAS;000140;Clôturé-;;;08/10/2021;;MINES;;HD505;STE2;HD;HD01;PRODUCTION;KGM;GEO-MINES;
14042;BSM5256;Sortie d'article;31/10/2013;CA2J3507;ECROU / NUT-FULL : 1X8-THD;CA;602237;012;ED00;;48;U;1,18;56,54;USD;43,5;EUR;M1-E;C8GPL A;300021;MINES;;;;HD5052012STE2P20083;OT permanent : machine HD505 sur chantier P20083;L.KABANGU;P20083;PARCMIN-KAS;000140;Clôturé-;;;08/10/2021;;MINES;;HD505;STE2;HD;HD01;PRODUCTION;KGM;GEO-MINES;
14006;BSM5204;Sortie d'article;28/10/2013;CA6D9157;JOINT TORIQUE / SEAL-O-RING;CA;602237;013;ED00;;5;U;5,15;25,75;USD;25,75;USD;M1-D;C53E8DR3;300021;MINES;;;;JM5382012STR2P20083;OT permanent : machine JM538 sur chantier P20083;I.BASIKABA;P20083;PARCMIN-KAS;000140;Ouvert-;;;;;MINES;;JM538;STR2;JM;JM00G;PRODUCTION;KAS;GEO-MINES;
14346;BSM5217;Sortie d'article;15/11/2013;CA7J4169;ANNEAU / RING;CA;602237;013;ED00;;1;U;1,92;1,92;USD;1,92;USD;MB-D;GME5GR1;300021;MINES;;;;JM5452012STR2P20083;OT permanent : machine JM545 sur chantier P20083;I.BASIKABA;P20083;PARCMIN-KAS;000140;Clôturé-;;16/06/2023;16/06/2023;;MINES;;JM545;STR2;JM;JM00;PRODUCTION;KAS;GEO-MINES;
14346;BSM5217;Sortie d'article;15/11/2013;CA7T4501;GOUPILLE / PIN;CA;602237;013;ED00;;1;U;36,54;36,54;USD;36,54;USD;MB-D;GME5GR1;300021;MINES;;;;JM5452012STR2P20083;OT permanent : machine JM545 sur chantier P20083;I.BASIKABA;P20083;PARCMIN-KAS;000140;Clôturé-;;16/06/2023;16/06/2023;;MINES;;JM545;STR2;JM;JM00;PRODUCTION;KAS;GEO-MINES;
14002;BSM5202;Sortie d'article;28/10/2013;CA6D9157;JOINT TORIQUE / SEAL-O-RING;CA;602237;013;ED00;;3;U;5,15;15,45;USD;15,45;USD;M1-D;C53E8DR3;300021;MINES;;;;JM5552012STR2P20083;OT permanent : machine JM555 sur chantier P20083;I.BASIKABA;P20083;PARCMIN-KAS;000140;Ouvert-;;;;;MINES;;JM555;STR2;JM;JM00;PRODUCTION;KAS;GEO-MINES;
15188;BSM6130;Sortie d'article;27/12/2013;CA2337150;ARRETOIR D'OUTILS D'ATTAQUE  / RETAINER-G.E.T. K-150;CA;602237;012;ED00;;8;U;41,1;328,8;USD;328,8;USD;M1-D;C47GSOL;300021;MINES;;;;KH5022012STE2P20083;OT permanent : machine KH502 sur chantier P20083;G.MUSAMPA;P20083;PARCMIN-KAS;000140;Clôturé-;;;08/10/2022;;MINES;;KH502;STE2;KH;KH00;PRODUCTION;KGM;GEO-MINES;
14751;BSM 5829;Sortie d'article;03/12/2013;CA2337150;ARRETOIR D'OUTILS D'ATTAQUE  / RETAINER-G.E.T. K-150;CA;602237;012;ED00;;8;U;41,1;328,8;USD;328,8;USD;M1-D;C47GSOL;300021;MINES;;;;KH5032012STE2P20083;OT permanent : machine KH503 sur chantier P20083;L.KABANGU;P20083;PARCMIN-KAS;000140;Ouvert-;;;;;MINES;;KH503;STE2;KH;KH00;PRODUCTION;KGM;GEO-MINES;
